"noau_tx_numero_na"|"noau_cd_om"|"noau_ds_assunto"|"noau_dt_envio"|"noau_dt_prazo"|"qtde_prorrogacoes"|"stat_cd_id"|"noau_dt_resposta"|"niex_nm_completo"|"stat_nm_completo"|"SIGLAOM"|"AREAOM"|"nome_setor"|"nome_ods"
"102-5/2025"|"0835"|NOTA DE AUDITORIA - PATRIMÔNIO|2025-02-21|2025-04-25|1|1||BAIXO|ENVIADA|HNBRA|SÉTIMO DN|CON|COM7DN
"1027-4/2024"|"1251"|NOTA DE AUDITORIA - RECURSOS HUMANOS|2024-04-19|2025-04-11|18|8|2024-12-20|BAIXO|RASCUNHO OM|CEIMNI|PRIMEIRO DN|CON|COMEMCH
"103-1/2025"|"1035"|NOTA DE AUDITORIA - ORÇAMENTÁRIA E FINANCEIRA|2025-03-18|2025-04-18|1|1||BAIXO|ENVIADA|CMOPM|PRIMEIRO DN|DGPM|DGPM
"10-5/2024"|"0874"|NOTA DE AUDITORIA - PATRIMÔNIO|2024-01-25|2025-03-28|2|1||BAIXO|ENVIADA|ADIDEFNAVCHILE|EXTERIOR|Adidâncias|Adidâncias
"10-5/2025"|"1283"|NOTA DE AUDITORIA - PATRIMÔNIO|2025-01-10|2025-03-28|1|1||MÉDIO|ENVIADA|CFMT|SEXTO DN|CON|COM6DN
"105-5/2025"|"0648"|NOTA DE AUDITORIA - PATRIMÔNIO|2025-02-21|2025-04-11|1|1||BAIXO|ENVIADA|HNSA|SEGUNDO DN|CON|COM2DN
"106-5/2025"|"0122"|NOTA DE AUDITORIA - PATRIMÔNIO|2025-02-21|2025-04-18|1|1||BAIXO|ENVIADA|IEAPM|PRIMEIRO DN|DGN|DGN
"108-4/2025"|"0307"|NOTA DE AUDITORIA - RECURSOS HUMANOS|2025-01-14|2025-04-28|2|8|2025-04-03|BAIXO|RASCUNHO OM|BFNIG|PRIMEIRO DN|CON|COMFFE
"110-4/2025"|"1280"|NOTA DE AUDITORIA - RECURSOS HUMANOS|2025-01-14|2025-05-05|2|8|2025-04-03|BAIXO|RASCUNHO OM|BNIC|PRIMEIRO DN|DGMM|COGESN
"11-5/2024"|"0874"|NOTA DE AUDITORIA - PATRIMÔNIO|2024-01-29|2025-03-28|2|1||MÉDIO|ENVIADA|ADIDEFNAVCHILE|EXTERIOR|Adidâncias|Adidâncias
"115-4/2025"|"1069"|NOTA DE AUDITORIA - RECURSOS HUMANOS|2025-01-14|2025-04-11|2|8|2025-03-14|BAIXO|RASCUNHO OM|CEIMBE|QUARTO DN|CON|COM4DN
"118-1/2024"|"0337"|NOTA DE AUDITORIA - ORÇAMENTÁRIA E FINANCEIRA|2025-04-02|2025-07-31|2|1||MÉDIO|ENVIADA|CIAPOLBTLNAV|PRIMEIRO DN|CGCFN|CGCFN
"118-4/2025"|"1251"|NOTA DE AUDITORIA - RECURSOS HUMANOS|2025-01-14|2025-04-11|2|8|2025-04-02|BAIXO|RASCUNHO OM|CEIMNI|PRIMEIRO DN|CON|COMEMCH
"119-5/2024"|"1282"|NOTA DE AUDITORIA - PATRIMÔNIO|2024-09-11|2025-04-30|10|1||BAIXO|ENVIADA|BTLCMBAE|PRIMEIRO DN|CON|COMFFE
"120-4/2025"|"1069"|NOTA DE AUDITORIA - RECURSOS HUMANOS|2025-01-15|2025-04-11|3|8|2025-04-03|BAIXO|RASCUNHO OM|CEIMBE|QUARTO DN|CON|COM4DN
"125-4/2024"|"1251"|NOTA DE AUDITORIA - RECURSOS HUMANOS|2024-09-27|2025-04-11|20|8|2025-03-28|BAIXO|RASCUNHO OM|CEIMNI|PRIMEIRO DN|CON|COMEMCH
"1274-4/2024"|"1069"|NOTA DE AUDITORIA - RECURSOS HUMANOS|2024-05-10|2025-04-11|12|8|2024-05-29|BAIXO|RASCUNHO OM|CEIMBE|QUARTO DN|CON|COM4DN
"12-8/2024"|"1175"|NOTA DE AUDITORIA - ATOS DE PESSOAL|2024-10-08|2025-05-20|2|1||BAIXO|ENVIADA|SVPM|PRIMEIRO DN|DGPM|DGPM
"1305-4/2024"|"1251"|NOTA DE AUDITORIA - RECURSOS HUMANOS|2024-08-30|2025-04-11|11|1||BAIXO|ENVIADA|CEIMNI|PRIMEIRO DN|CON|COMEMCH
"1312-4/2024"|"1251"|NOTA DE AUDITORIA - RECURSOS HUMANOS|2024-06-12|2025-04-11|13|8|2024-07-17|BAIXO|RASCUNHO OM|CEIMNI|PRIMEIRO DN|CON|COMEMCH
"13-4/2025"|"0053"|NOTA DE AUDITORIA - RECURSOS HUMANOS|2025-01-13|2025-04-28|2|1||BAIXO|ENVIADA|HNMD|PRIMEIRO DN|DGPM|DGPM
"1353-4/2024"|"1031"|NOTA DE AUDITORIA - RECURSOS HUMANOS|2024-11-14|2025-05-08|5|1||BAIXO|ENVIADA|CVBARROSO|PRIMEIRO DN|CON|COMEMCH
"1413-1/2023"|"0764"|NOTA DE AUDITORIA - ORÇAMENTÁRIA E FINANCEIRA|2023-10-30|2025-08-29|11|1||BAIXO|ENVIADA|CPPR|OITAVO DN|CON|COM8DN
"1419-1/2023"|"0713"|NOTA DE AUDITORIA - ORÇAMENTÁRIA E FINANCEIRA|2023-10-30|2025-04-30|10|1||BAIXO|ENVIADA|CPMA|QUARTO DN|CON|COM4DN
"1425-1/2023"|"1071"|NOTA DE AUDITORIA - ORÇAMENTÁRIA E FINANCEIRA|2023-10-30|2025-05-30|11|1||BAIXO|ENVIADA|CEIMMA|NONO DN|CON|COM9DN
"1431-4/2024"|"0053"|NOTA DE AUDITORIA - RECURSOS HUMANOS|2024-10-14|2025-04-28|8|1||BAIXO|ENVIADA|HNMD|PRIMEIRO DN|DGPM|DGPM
"14-4/2025"|"0053"|NOTA DE AUDITORIA - RECURSOS HUMANOS|2025-01-13|2025-04-28|3|1||BAIXO|ENVIADA|HNMD|PRIMEIRO DN|DGPM|DGPM
"1471-4/2024"|"1280"|NOTA DE AUDITORIA - RECURSOS HUMANOS|2025-04-01|2025-05-31|9|1||BAIXO|ENVIADA|BNIC|PRIMEIRO DN|DGMM|COGESN
"15-4/2025"|"0053"|NOTA DE AUDITORIA - RECURSOS HUMANOS|2025-01-13|2025-04-28|2|1||BAIXO|ENVIADA|HNMD|PRIMEIRO DN|DGPM|DGPM
"155-4/2025"|"0053"|NOTA DE AUDITORIA - RECURSOS HUMANOS|2025-01-14|2025-04-28|2|8|2025-04-09|BAIXO|RASCUNHO OM|HNMD|PRIMEIRO DN|DGPM|DGPM
"15-6/2025"|"1237"|NOTA DE AUDITORIA - MUNICIAMENTO|2025-02-18|2025-04-25|1|1||BAIXO|ENVIADA|NHIBTENCASTELO|QUARTO DN|CON|COM4DN
"156-5/2024"|"1223"|NOTA DE AUDITORIA - PATRIMÔNIO|2025-03-11|2025-04-10|8|1||MÉDIO|ENVIADA|ESQDHU-51|QUINTO DN|CON|COM5DN
"16-1/2025"|"1064"|NOTA DE AUDITORIA - ORÇAMENTÁRIA E FINANCEIRA|2025-01-29|2025-05-30|1|1||BAIXO|ENVIADA|CADIM|PRIMEIRO DN|CGCFN|CGCFN
"1749-4/2024"|"1069"|NOTA DE AUDITORIA - RECURSOS HUMANOS|2024-07-30|2025-04-11|9|8|2024-11-22|BAIXO|RASCUNHO OM|CEIMBE|QUARTO DN|CON|COM4DN
"180-2/2024"|"1215"|NOTA DE AUDITORIA - COMPRAS, CONTRATAÇÕES E ACORDOS ADMINISTRATIVOS|2024-10-23|2025-02-25|2|8|2025-02-20|BAIXO|RASCUNHO OM|CFMG|PRIMEIRO DN|CON|COM1DN
"182-5/2024"|"0050"|NOTA DE AUDITORIA - PATRIMÔNIO|2024-05-16|2025-04-30|11|1||MÉDIO|ENVIADA|CMASM|PRIMEIRO DN|DGMM|DGMM
"1932-4/2024"|"1251"|NOTA DE AUDITORIA - RECURSOS HUMANOS|2024-08-16|2025-05-08|11|8|2024-08-30|BAIXO|RASCUNHO OM|CEIMNI|PRIMEIRO DN|CON|COMEMCH
"1941-4/2024"|"0053"|NOTA DE AUDITORIA - RECURSOS HUMANOS|2024-08-27|2025-04-28|10|8|2025-04-09|BAIXO|RASCUNHO OM|HNMD|PRIMEIRO DN|DGPM|DGPM
"194-4/2025"|"1267"|NOTA DE AUDITORIA - RECURSOS HUMANOS|2025-01-15|2025-05-07|5|8|2025-03-08|BAIXO|RASCUNHO OM|BSIM|PRIMEIRO DN|CON|COMEMCH
"196-5/2024"|"0050"|NOTA DE AUDITORIA - PATRIMÔNIO|2024-05-16|2025-04-30|11|1||MÉDIO|ENVIADA|CMASM|PRIMEIRO DN|DGMM|DGMM
"2006-4/2024"|"0662"|NOTA DE AUDITORIA - RECURSOS HUMANOS|2024-09-03|2025-04-04|9|8|2025-04-02|BAIXO|RASCUNHO OM|BFNIF|PRIMEIRO DN|CON|COMFFE
"2013-4/2024"|"1064"|NOTA DE AUDITORIA - RECURSOS HUMANOS|2024-09-03|2025-04-11|8|1||BAIXO|ENVIADA|CADIM|PRIMEIRO DN|CGCFN|CGCFN
"2015-4/2024"|"1069"|NOTA DE AUDITORIA - RECURSOS HUMANOS|2024-09-03|2025-04-11|8|8|2025-04-03|BAIXO|RASCUNHO OM|CEIMBE|QUARTO DN|CON|COM4DN
"2020-4/2024"|"1251"|NOTA DE AUDITORIA - RECURSOS HUMANOS|2024-09-03|2025-04-11|9|8|2025-04-08|BAIXO|RASCUNHO OM|CEIMNI|PRIMEIRO DN|CON|COMEMCH
"2028-4/2024"|"0631"|NOTA DE AUDITORIA - RECURSOS HUMANOS|2025-04-08|2025-06-07|2|1||BAIXO|ENVIADA|CIAGA|PRIMEIRO DN|DGN|DGN
"2054-4/2024"|"0053"|NOTA DE AUDITORIA - RECURSOS HUMANOS|2024-09-03|2025-04-28|9|1||BAIXO|ENVIADA|HNMD|PRIMEIRO DN|DGPM|DGPM
"2092-4/2024"|"1251"|NOTA DE AUDITORIA - RECURSOS HUMANOS|2024-09-16|2025-04-11|8|1||BAIXO|ENVIADA|CEIMNI|PRIMEIRO DN|CON|COMEMCH
"2101-4/2024"|"1280"|NOTA DE AUDITORIA - RECURSOS HUMANOS|2025-03-13|2025-04-27|5|1||BAIXO|ENVIADA|BNIC|PRIMEIRO DN|DGMM|COGESN
"213-4/2025"|"0292"|NOTA DE AUDITORIA - RECURSOS HUMANOS|2025-01-15|2025-05-01|3|1||BAIXO|ENVIADA|BHMN|PRIMEIRO DN|DGN|DGN
"2160-4/2024"|"1251"|NOTA DE AUDITORIA - RECURSOS HUMANOS|2024-09-18|2025-04-11|9|8|2024-09-25|BAIXO|RASCUNHO OM|CEIMNI|PRIMEIRO DN|CON|COMEMCH
"2168-4/2024"|"0053"|NOTA DE AUDITORIA - RECURSOS HUMANOS|2024-09-18|2025-04-28|9|1||BAIXO|ENVIADA|HNMD|PRIMEIRO DN|DGPM|DGPM
"2196-4/2024"|"1251"|NOTA DE AUDITORIA - RECURSOS HUMANOS|2024-09-27|2025-04-11|8|8|2025-04-08|BAIXO|RASCUNHO OM|CEIMNI|PRIMEIRO DN|CON|COMEMCH
"2244-4/2023"|"1069"|NOTA DE AUDITORIA - RECURSOS HUMANOS|2023-11-28|2025-04-11|18|8|2025-04-08|BAIXO|RASCUNHO OM|CEIMBE|QUARTO DN|CON|COM4DN
"227-4/2025"|"1073"|NOTA DE AUDITORIA - RECURSOS HUMANOS|2025-01-15|2025-04-11|2|8|2025-02-11|BAIXO|RASCUNHO OM|CEIMRG|QUINTO DN|CON|COM5DN
"2275-4/2024"|"1280"|NOTA DE AUDITORIA - RECURSOS HUMANOS|2024-10-21|2025-04-30|5|8|2025-03-31|BAIXO|RASCUNHO OM|BNIC|PRIMEIRO DN|DGMM|COGESN
"22-8/2024"|"1175"|NOTA DE AUDITORIA - ATOS DE PESSOAL|2025-02-19|2025-05-20|1|1||BAIXO|ENVIADA|SVPM|PRIMEIRO DN|DGPM|DGPM
"2293-4/2024"|"1251"|NOTA DE AUDITORIA - RECURSOS HUMANOS|2024-10-22|2025-04-11|7|8|2025-04-01|BAIXO|RASCUNHO OM|CEIMNI|PRIMEIRO DN|CON|COMEMCH
"2299-4/2024"|"0053"|NOTA DE AUDITORIA - RECURSOS HUMANOS|2024-10-22|2025-04-28|7|1||BAIXO|ENVIADA|HNMD|PRIMEIRO DN|DGPM|DGPM
"2310-4/2024"|"0575"|NOTA DE AUDITORIA - RECURSOS HUMANOS|2025-04-08|2025-05-08|3|1||BAIXO|ENVIADA|BACS|PRIMEIRO DN|CON|COMEMCH
"232-4/2025"|"0053"|NOTA DE AUDITORIA - RECURSOS HUMANOS|2025-01-15|2025-04-28|2|1||BAIXO|ENVIADA|HNMD|PRIMEIRO DN|DGPM|DGPM
"2375-4/2024"|"1251"|NOTA DE AUDITORIA - RECURSOS HUMANOS|2024-10-23|2025-04-11|7|8|2024-12-20|MUITO BAIXO|RASCUNHO OM|CEIMNI|PRIMEIRO DN|CON|COMEMCH
"24-1/2025"|"1215"|NOTA DE AUDITORIA - ORÇAMENTÁRIA E FINANCEIRA|2025-01-29|2025-04-30|1|1||BAIXO|ENVIADA|CFMG|PRIMEIRO DN|CON|COM1DN
"242-4/2025"|"1069"|NOTA DE AUDITORIA - RECURSOS HUMANOS|2025-01-15|2025-04-11|5|8|2025-04-03|BAIXO|RASCUNHO OM|CEIMBE|QUARTO DN|CON|COM4DN
"2454-4/2024"|"0575"|NOTA DE AUDITORIA - RECURSOS HUMANOS|2024-10-23|2025-05-01|7|1||BAIXO|ENVIADA|BACS|PRIMEIRO DN|CON|COMEMCH
"246-4/2025"|"0053"|NOTA DE AUDITORIA - RECURSOS HUMANOS|2025-01-15|2025-04-28|3|1||BAIXO|ENVIADA|HNMD|PRIMEIRO DN|DGPM|DGPM
"247-4/2025"|"1215"|NOTA DE AUDITORIA - RECURSOS HUMANOS|2025-01-16|2025-03-14|1|1||BAIXO|ENVIADA|CFMG|PRIMEIRO DN|CON|COM1DN
"2496-4/2023"|"1069"|NOTA DE AUDITORIA - RECURSOS HUMANOS|2023-12-21|2025-04-11|16|8|2025-04-08|BAIXO|RASCUNHO OM|CEIMBE|QUARTO DN|CON|COM4DN
"2533-4/2024"|"0520"|NOTA DE AUDITORIA - RECURSOS HUMANOS|2024-10-25|2025-02-28|5|1||BAIXO|ENVIADA|SSPM|PRIMEIRO DN|DGPM|DGPM
"2558-4/2024"|"1069"|NOTA DE AUDITORIA - RECURSOS HUMANOS|2024-10-28|2025-04-11|5|8|2025-04-04|BAIXO|RASCUNHO OM|CEIMBE|QUARTO DN|CON|COM4DN
"2563-4/2024"|"1251"|NOTA DE AUDITORIA - RECURSOS HUMANOS|2024-10-28|2025-04-11|7|8|2025-04-08|BAIXO|RASCUNHO OM|CEIMNI|PRIMEIRO DN|CON|COMEMCH
"2571-4/2024"|"1069"|NOTA DE AUDITORIA - RECURSOS HUMANOS|2024-10-28|2025-04-11|6|8|2025-03-24|BAIXO|RASCUNHO OM|CEIMBE|QUARTO DN|CON|COM4DN
"258-4/2025"|"1215"|NOTA DE AUDITORIA - RECURSOS HUMANOS|2025-01-17|2025-03-14|1|1||BAIXO|ENVIADA|CFMG|PRIMEIRO DN|CON|COM1DN
"259-4/2025"|"0307"|NOTA DE AUDITORIA - RECURSOS HUMANOS|2025-01-22|2025-04-30|3|8|2025-03-13|BAIXO|RASCUNHO OM|BFNIG|PRIMEIRO DN|CON|COMFFE
"2607-4/2024"|"0053"|NOTA DE AUDITORIA - RECURSOS HUMANOS|2024-10-28|2025-04-28|7|1||BAIXO|ENVIADA|HNMD|PRIMEIRO DN|DGPM|DGPM
"263-4/2025"|"1280"|NOTA DE AUDITORIA - RECURSOS HUMANOS|2025-01-24|2025-04-20|2|1||BAIXO|ENVIADA|BNIC|PRIMEIRO DN|DGMM|COGESN
"2642-4/2024"|"1251"|NOTA DE AUDITORIA - RECURSOS HUMANOS|2024-11-05|2025-04-11|7|8|2025-04-08|BAIXO|RASCUNHO OM|CEIMNI|PRIMEIRO DN|CON|COMEMCH
"2643-4/2024"|"1251"|NOTA DE AUDITORIA - RECURSOS HUMANOS|2024-11-07|2025-04-11|7|8|2025-01-09|BAIXO|RASCUNHO OM|CEIMNI|PRIMEIRO DN|CON|COMEMCH
"2658-4/2024"|"1251"|NOTA DE AUDITORIA - RECURSOS HUMANOS|2024-11-07|2025-04-11|7|8|2025-04-08|BAIXO|RASCUNHO OM|CEIMNI|PRIMEIRO DN|CON|COMEMCH
"2682-4/2024"|"1069"|NOTA DE AUDITORIA - RECURSOS HUMANOS|2024-11-12|2025-04-11|6|8|2025-04-04|BAIXO|RASCUNHO OM|CEIMBE|QUARTO DN|CON|COM4DN
"2683-4/2024"|"1069"|NOTA DE AUDITORIA - RECURSOS HUMANOS|2024-11-12|2025-04-11|7|8|2025-03-26|BAIXO|RASCUNHO OM|CEIMBE|QUARTO DN|CON|COM4DN
"269-5/2024"|"0765"|NOTA DE AUDITORIA - PATRIMÔNIO|2024-06-25|2025-04-04|6|8|2024-11-14|ALTO|RASCUNHO OM|CPRS|QUINTO DN|CON|COM5DN
"2698-4/2024"|"1280"|NOTA DE AUDITORIA - RECURSOS HUMANOS|2025-04-08|2025-05-23|4|1||BAIXO|ENVIADA|BNIC|PRIMEIRO DN|DGMM|COGESN
"272-4/2025"|"1280"|NOTA DE AUDITORIA - RECURSOS HUMANOS|2025-01-30|2025-05-05|2|1||BAIXO|ENVIADA|BNIC|PRIMEIRO DN|DGMM|COGESN
"273-4/2025"|"1267"|NOTA DE AUDITORIA - RECURSOS HUMANOS|2025-01-30|2025-05-05|3|8|2025-04-02|BAIXO|RASCUNHO OM|BSIM|PRIMEIRO DN|CON|COMEMCH
"277-4/2025"|"1074"|NOTA DE AUDITORIA - RECURSOS HUMANOS|2025-01-30|2025-04-16|1|8|2025-03-13|BAIXO|RASCUNHO OM|CEIMSPA|PRIMEIRO DN|CON|COMEMCH
"2779-4/2024"|"0053"|NOTA DE AUDITORIA - RECURSOS HUMANOS|2024-11-14|2025-04-28|6|1||BAIXO|ENVIADA|HNMD|PRIMEIRO DN|DGPM|DGPM
"279-5/2024"|"1282"|NOTA DE AUDITORIA - PATRIMÔNIO|2024-09-19|2025-04-30|5|1||ALTO|ENVIADA|BTLCMBAE|PRIMEIRO DN|CON|COMFFE
"2797-4/2024"|"0525"|NOTA DE AUDITORIA - RECURSOS HUMANOS|2025-02-27|2025-04-13|1|1||BAIXO|ENVIADA|EN|PRIMEIRO DN|DGPM|DGPM
"2852-4/2024"|"0764"|NOTA DE AUDITORIA - RECURSOS HUMANOS|2024-11-25|2025-04-04|6|8|2025-04-03|BAIXO|RASCUNHO OM|CPPR|OITAVO DN|CON|COM8DN
"2855-4/2024"|"1069"|NOTA DE AUDITORIA - RECURSOS HUMANOS|2024-11-25|2025-04-11|5|8|2025-03-26|BAIXO|RASCUNHO OM|CEIMBE|QUARTO DN|CON|COM4DN
"286-4/2025"|"1064"|NOTA DE AUDITORIA - RECURSOS HUMANOS|2025-02-05|2025-04-11|1|1||BAIXO|ENVIADA|CADIM|PRIMEIRO DN|CGCFN|CGCFN
"2872-4/2024"|"1281"|NOTA DE AUDITORIA - RECURSOS HUMANOS|2024-11-25|2025-03-07|1|8|2025-02-14|BAIXO|RASCUNHO OM|CFGO|SÉTIMO DN|CON|COM7DN
"291-4/2025"|"0268"|NOTA DE AUDITORIA - RECURSOS HUMANOS|2025-02-04|2025-05-05|1|1||BAIXO|ENVIADA|FRADEMAKER|PRIMEIRO DN|CON|COMEMCH
"292-4/2025"|"0665"|NOTA DE AUDITORIA - RECURSOS HUMANOS|2025-02-05|2025-04-11|1|8|2025-04-08|BAIXO|RASCUNHO OM|BAMRJ|PRIMEIRO DN|SGM|SGM
"2933-4/2024"|"1042"|NOTA DE AUDITORIA - RECURSOS HUMANOS|2024-12-03|2025-05-06|2|1||BAIXO|ENVIADA|NDCCALTESABOIA|PRIMEIRO DN|CON|COMEMCH
"295-4/2025"|"1280"|NOTA DE AUDITORIA - RECURSOS HUMANOS|2025-02-05|2025-05-05|1|8|2025-04-03|BAIXO|RASCUNHO OM|BNIC|PRIMEIRO DN|DGMM|COGESN
"296-4/2025"|"1267"|NOTA DE AUDITORIA - RECURSOS HUMANOS|2025-02-05|2025-05-06|1|8|2025-03-08|BAIXO|RASCUNHO OM|BSIM|PRIMEIRO DN|CON|COMEMCH
"298-4/2025"|"1064"|NOTA DE AUDITORIA - RECURSOS HUMANOS|2025-02-05|2025-05-05|1|8|2025-04-08|BAIXO|RASCUNHO OM|CADIM|PRIMEIRO DN|CGCFN|CGCFN
"3000-4/2024"|"0053"|NOTA DE AUDITORIA - RECURSOS HUMANOS|2024-12-04|2025-04-28|6|1||BAIXO|ENVIADA|HNMD|PRIMEIRO DN|DGPM|DGPM
"300-4/2025"|"1069"|NOTA DE AUDITORIA - RECURSOS HUMANOS|2025-02-05|2025-05-06|1|8|2025-04-03|BAIXO|RASCUNHO OM|CEIMBE|QUARTO DN|CON|COM4DN
"3009-4/2024"|"1267"|NOTA DE AUDITORIA - RECURSOS HUMANOS|2024-12-04|2025-05-07|7|8|2025-03-08|BAIXO|RASCUNHO OM|BSIM|PRIMEIRO DN|CON|COMEMCH
"30-1/2025"|"1073"|NOTA DE AUDITORIA - ORÇAMENTÁRIA E FINANCEIRA|2025-01-29|2025-04-30|3|1||BAIXO|ENVIADA|CEIMRG|QUINTO DN|CON|COM5DN
"302-4/2025"|"1251"|NOTA DE AUDITORIA - RECURSOS HUMANOS|2025-02-05|2025-05-06|1|8|2025-04-09|BAIXO|RASCUNHO OM|CEIMNI|PRIMEIRO DN|CON|COMEMCH
"303-4/2025"|"1245"|NOTA DE AUDITORIA - RECURSOS HUMANOS|2025-02-05|2025-05-06|1|8|2025-03-19|BAIXO|RASCUNHO OM|CEIMPL|PRIMEIRO DN|CGCFN|CGCFN
"3064-4/2024"|"1069"|NOTA DE AUDITORIA - RECURSOS HUMANOS|2024-12-06|2025-04-11|7|8|2025-03-27|BAIXO|RASCUNHO OM|CEIMBE|QUARTO DN|CON|COM4DN
"3076-4/2024"|"1251"|NOTA DE AUDITORIA - RECURSOS HUMANOS|2024-12-31|2025-04-11|4|8|2025-03-28|BAIXO|RASCUNHO OM|CEIMNI|PRIMEIRO DN|CON|COMEMCH
"30-8/2024"|"1175"|NOTA DE AUDITORIA - ATOS DE PESSOAL|2025-02-19|2025-05-20|1|1||BAIXO|ENVIADA|SVPM|PRIMEIRO DN|DGPM|DGPM
"3084-4/2024"|"1064"|NOTA DE AUDITORIA - RECURSOS HUMANOS|2025-02-17|2025-04-18|1|8|2025-03-26|BAIXO|RASCUNHO OM|CADIM|PRIMEIRO DN|CGCFN|CGCFN
"3089-4/2024"|"1251"|NOTA DE AUDITORIA - RECURSOS HUMANOS|2024-12-10|2025-04-11|5|8|2025-01-08|BAIXO|RASCUNHO OM|CEIMNI|PRIMEIRO DN|CON|COMEMCH
"309-4/2025"|"0559"|NOTA DE AUDITORIA - RECURSOS HUMANOS|2025-02-05|2025-05-04|1|1||BAIXO|ENVIADA|CIAA|PRIMEIRO DN|DGPM|DGPM
"3094-4/2024"|"0631"|NOTA DE AUDITORIA - RECURSOS HUMANOS|2024-12-10|2025-02-28|1|1||BAIXO|ENVIADA|CIAGA|PRIMEIRO DN|DGN|DGN
"3106-4/2024"|"0764"|NOTA DE AUDITORIA - RECURSOS HUMANOS|2024-12-31|2025-05-05|5|8|2025-04-03|BAIXO|RASCUNHO OM|CPPR|OITAVO DN|CON|COM8DN
"311-4/2025"|"1266"|NOTA DE AUDITORIA - RECURSOS HUMANOS|2025-02-05|2025-05-06|1|1||BAIXO|ENVIADA|CLOGMAT|PRIMEIRO DN|DGMM|COGESN
"319-4/2025"|"0525"|NOTA DE AUDITORIA - RECURSOS HUMANOS|2025-02-05|2025-05-05|1|1||BAIXO|ENVIADA|EN|PRIMEIRO DN|DGPM|DGPM
"321-4/2025"|"0268"|NOTA DE AUDITORIA - RECURSOS HUMANOS|2025-02-05|2025-05-30|1|1||BAIXO|ENVIADA|FRADEMAKER|PRIMEIRO DN|CON|COMEMCH
"323-4/2025"|"0053"|NOTA DE AUDITORIA - RECURSOS HUMANOS|2025-02-05|2025-05-08|1|1||BAIXO|ENVIADA|HNMD|PRIMEIRO DN|DGPM|DGPM
"324-4/2025"|"1162"|NOTA DE AUDITORIA - RECURSOS HUMANOS|2025-02-05|2025-05-05|1|8|2025-04-09|BAIXO|RASCUNHO OM|NDMBAHIA|PRIMEIRO DN|CON|COMEMCH
"33-1/2025"|"0835"|NOTA DE AUDITORIA - ORÇAMENTÁRIA E FINANCEIRA|2025-02-28|2025-04-25|1|1||BAIXO|ENVIADA|HNBRA|SÉTIMO DN|CON|COM7DN
"34-2/2025"|"0021"|NOTA DE AUDITORIA - COMPRAS, CONTRATAÇÕES E ACORDOS ADMINISTRATIVOS|2025-03-14|2025-04-14|1|1||BAIXO|ENVIADA|DELLAGUNA|QUINTO DN|CON|COM5DN
"349-4/2025"|"0649"|NOTA DE AUDITORIA - RECURSOS HUMANOS|2025-02-27|2025-04-28|1|1||BAIXO|ENVIADA|GPTFNSA|SEGUNDO DN|CON|COM2DN
"354-4/2025"|"0292"|NOTA DE AUDITORIA - RECURSOS HUMANOS|2025-02-07|2025-05-08|1|1||BAIXO|ENVIADA|BHMN|PRIMEIRO DN|DGN|DGN
"355-4/2025"|"1280"|NOTA DE AUDITORIA - RECURSOS HUMANOS|2025-02-07|2025-05-05|1|1||BAIXO|ENVIADA|BNIC|PRIMEIRO DN|DGMM|COGESN
"35-6/2025"|"1069"|NOTA DE AUDITORIA - MUNICIAMENTO|2025-02-27|2025-04-30|1|1||BAIXO|ENVIADA|CEIMBE|QUARTO DN|CON|COM4DN
"356-4/2025"|"1267"|NOTA DE AUDITORIA - RECURSOS HUMANOS|2025-02-07|2025-05-05|1|8|2025-04-03|BAIXO|RASCUNHO OM|BSIM|PRIMEIRO DN|CON|COMEMCH
"358-4/2025"|"1342"|NOTA DE AUDITORIA - RECURSOS HUMANOS|2025-02-07|2025-05-08|1|1||BAIXO|ENVIADA|CEIMBRA|SÉTIMO DN|CON|COM7DN
"360-4/2025"|"1251"|NOTA DE AUDITORIA - RECURSOS HUMANOS|2025-02-07|2025-05-08|1|8|2025-04-03|BAIXO|RASCUNHO OM|CEIMNI|PRIMEIRO DN|CON|COMEMCH
"3-6/2025"|"1073"|NOTA DE AUDITORIA - MUNICIAMENTO|2025-01-31|2025-04-30|2|1||BAIXO|ENVIADA|CEIMRG|QUINTO DN|CON|COM5DN
"374-4/2025"|"1073"|NOTA DE AUDITORIA - RECURSOS HUMANOS|2025-02-07|2025-05-08|1|8|2025-02-13|BAIXO|RASCUNHO OM|CEIMRG|QUINTO DN|CON|COM5DN
"37-5/2025"|"0765"|NOTA DE AUDITORIA - PATRIMÔNIO|2025-01-10|2025-03-28|1|1||MÉDIO|ENVIADA|CPRS|QUINTO DN|CON|COM5DN
"377-4/2025"|"1266"|NOTA DE AUDITORIA - RECURSOS HUMANOS|2025-02-07|2025-05-08|1|1||BAIXO|ENVIADA|CLOGMAT|PRIMEIRO DN|DGMM|COGESN
"402-4/2025"|"0628"|NOTA DE AUDITORIA - RECURSOS HUMANOS|2025-03-18|2025-04-17|1|1||BAIXO|ENVIADA|DENSM|PRIMEIRO DN|DGPM|DGPM
"416-4/2025"|"0520"|NOTA DE AUDITORIA - RECURSOS HUMANOS|2025-02-07|2025-03-31|1|1||BAIXO|ENVIADA|SSPM|PRIMEIRO DN|DGPM|DGPM
"420-6/2024"|"0230"|NOTA DE AUDITORIA - MUNICIAMENTO|2024-04-24|2025-07-31|12|1||BAIXO|ENVIADA|NPABOCAINA|QUARTO DN|CON|COM4DN
"422-5/2024"|"0243"|NOTA DE AUDITORIA - PATRIMÔNIO|2024-08-08|2025-03-28|4|1||MÉDIO|ENVIADA|NPAPIRATINI|SEXTO DN|CON|COM6DN
"43-5/2024"|"0883"|NOTA DE AUDITORIA - PATRIMÔNIO|2024-02-07|2025-03-28|2|1||MÉDIO|ENVIADA|ADINAVPERU|EXTERIOR|Adidâncias|Adidâncias
"45-6/2025"|"0292"|NOTA DE AUDITORIA - MUNICIAMENTO|2025-02-27|2025-04-30|1|8|2025-03-31|MÉDIO|RASCUNHO OM|BHMN|PRIMEIRO DN|DGN|DGN
"4-8/2025"|"1175"|NOTA DE AUDITORIA - ATOS DE PESSOAL|2025-03-17|2025-06-16|2|1||BAIXO|ENVIADA|SVPM|PRIMEIRO DN|DGPM|DGPM
"486-4/2025"|"1267"|NOTA DE AUDITORIA - RECURSOS HUMANOS|2025-02-21|2025-05-07|1|8|2025-03-08|MÉDIO|RASCUNHO OM|BSIM|PRIMEIRO DN|CON|COMEMCH
"488-4/2025"|"1073"|NOTA DE AUDITORIA - RECURSOS HUMANOS|2025-02-21|2025-05-05|1|8|2025-04-08|MÉDIO|RASCUNHO OM|CEIMRG|QUINTO DN|CON|COM5DN
"49-6/2025"|"0544"|NOTA DE AUDITORIA - MUNICIAMENTO|2025-02-27|2025-04-30|1|1||MÉDIO|ENVIADA|CPES|PRIMEIRO DN|CON|COM1DN
"539-4/2025"|"0021"|NOTA DE AUDITORIA - RECURSOS HUMANOS|2025-03-14|2025-04-14|1|8|2025-03-27|BAIXO|RASCUNHO OM|DELLAGUNA|QUINTO DN|CON|COM5DN
"547-4/2025"|"1035"|NOTA DE AUDITORIA - RECURSOS HUMANOS|2025-03-19|2025-04-11|1|1||BAIXO|ENVIADA|CMOPM|PRIMEIRO DN|DGPM|DGPM
"55-4/2025"|"0555"|NOTA DE AUDITORIA - RECURSOS HUMANOS|2025-01-14|2025-04-30|2|1||BAIXO|ENVIADA|"2BTLINFFUZNAV"|PRIMEIRO DN|CON|COMFFE
"57-6/2025"|"0835"|NOTA DE AUDITORIA - MUNICIAMENTO|2025-02-27|2025-04-30|2|8|2025-04-07|MÉDIO|RASCUNHO OM|HNBRA|SÉTIMO DN|CON|COM7DN
"596-4/2025"|"1035"|NOTA DE AUDITORIA - RECURSOS HUMANOS|2025-03-27|2025-04-28|1|1||BAIXO|ENVIADA|CMOPM|PRIMEIRO DN|DGPM|DGPM
"598-5/2024"|"0764"|NOTA DE AUDITORIA - PATRIMÔNIO|2024-11-26|2025-04-11|6|8|2025-01-09|ALTO|RASCUNHO OM|CPPR|OITAVO DN|CON|COM8DN
"61-1/2025"|"0791"|NOTA DE AUDITORIA - ORÇAMENTÁRIA E FINANCEIRA|2025-02-24|2025-04-18|1|1||BAIXO|ENVIADA|BFLA|SEXTO DN|CON|COM6DN
"615-4/2024"|"1251"|NOTA DE AUDITORIA - RECURSOS HUMANOS|2024-03-28|2025-04-11|17|8|2025-04-08|BAIXO|RASCUNHO OM|CEIMNI|PRIMEIRO DN|CON|COMEMCH
"62-1/2025"|"1070"|NOTA DE AUDITORIA - ORÇAMENTÁRIA E FINANCEIRA|2025-02-24|2025-05-27|1|1||BAIXO|ENVIADA|CEIMLA|SEXTO DN|CON|COM6DN
"63-4/2025"|"0574"|NOTA DE AUDITORIA - RECURSOS HUMANOS|2025-01-14|2025-05-05|2|8|2025-02-12|BAIXO|RASCUNHO OM|CIASC|PRIMEIRO DN|CGCFN|CGCFN
"64-1/2025"|"0761"|NOTA DE AUDITORIA - ORÇAMENTÁRIA E FINANCEIRA|2025-02-24|2025-04-11|1|1||BAIXO|ENVIADA|CFRP|OITAVO DN|CON|COM8DN
"64-4/2024"|"0631"|NOTA DE AUDITORIA - RECURSOS HUMANOS|2024-10-14|2025-02-14|4|1||BAIXO|ENVIADA|CIAGA|PRIMEIRO DN|DGN|DGN
"65-6/2025"|"0292"|NOTA DE AUDITORIA - MUNICIAMENTO|2025-02-28|2025-04-30|1|8|2025-03-31|BAIXO|RASCUNHO OM|BHMN|PRIMEIRO DN|DGN|DGN
"66-1/2025"|"0764"|NOTA DE AUDITORIA - ORÇAMENTÁRIA E FINANCEIRA|2025-02-24|2025-04-18|1|1||BAIXO|ENVIADA|CPPR|OITAVO DN|CON|COM8DN
"66-4/2025"|"0529"|NOTA DE AUDITORIA - RECURSOS HUMANOS|2025-03-10|2025-04-09|1|1||BAIXO|ENVIADA|CN|PRIMEIRO DN|DGPM|DGPM
"669-4/2024"|"0053"|NOTA DE AUDITORIA - RECURSOS HUMANOS|2024-03-28|2025-04-28|18|8|2025-04-09|BAIXO|RASCUNHO OM|HNMD|PRIMEIRO DN|DGPM|DGPM
"77-1/2025"|"0002"|NOTA DE AUDITORIA - ORÇAMENTÁRIA E FINANCEIRA|2025-03-10|2025-05-08|1|1||BAIXO|ENVIADA|BNRJ|PRIMEIRO DN|CON|COMEMCH
"77-5/2025"|"0243"|NOTA DE AUDITORIA - PATRIMÔNIO|2025-01-10|2025-03-28|1|1||MÉDIO|ENVIADA|NPAPIRATINI|SEXTO DN|CON|COM6DN
"77-6/2025"|"1258"|NOTA DE AUDITORIA - MUNICIAMENTO|2025-02-28|2025-04-30|1|8|2025-04-02|BAIXO|RASCUNHO OM|CIAB|SÉTIMO DN|CON|COM7DN
"805-1/2024"|"0525"|NOTA DE AUDITORIA - ORÇAMENTÁRIA E FINANCEIRA|2024-11-06|2025-04-30|3|1||BAIXO|ENVIADA|EN|PRIMEIRO DN|DGPM|DGPM
"822-1/2024"|"1251"|NOTA DE AUDITORIA - ORÇAMENTÁRIA E FINANCEIRA|2024-11-06|2025-05-30|5|1||BAIXO|ENVIADA|CEIMNI|PRIMEIRO DN|CON|COMEMCH
"8-5/2025"|"1281"|NOTA DE AUDITORIA - PATRIMÔNIO|2025-01-10|2025-03-28|1|1||MÉDIO|ENVIADA|CFGO|SÉTIMO DN|CON|COM7DN
"858-4/2024"|"1251"|NOTA DE AUDITORIA - RECURSOS HUMANOS|2024-04-08|2025-04-11|17|8|2024-05-10|BAIXO|RASCUNHO OM|CEIMNI|PRIMEIRO DN|CON|COMEMCH
"86-5/2025"|"0093"|NOTA DE AUDITORIA - PATRIMÔNIO|2025-02-21|2025-04-22|1|1||MÉDIO|ENVIADA|BTLNAV|PRIMEIRO DN|CGCFN|CGCFN
"891-6/2024"|"1251"|NOTA DE AUDITORIA - MUNICIAMENTO|2024-11-22|2025-04-30|5|1||BAIXO|ENVIADA|CEIMNI|PRIMEIRO DN|CON|COMEMCH
"913-1/2024"|"1168"|NOTA DE AUDITORIA - ORÇAMENTÁRIA E FINANCEIRA|2024-11-22|2025-03-18|1|1||BAIXO|ENVIADA|DGDNTM-RIO|PRIMEIRO DN|DGDNTM|DGDNTM
"93-1/2025"|"0021"|NOTA DE AUDITORIA - ORÇAMENTÁRIA E FINANCEIRA|2025-03-14|2025-04-22|1|8|2025-03-25|BAIXO|RASCUNHO OM|DELLAGUNA|QUINTO DN|CON|COM5DN
"963-4/2024"|"1069"|NOTA DE AUDITORIA - RECURSOS HUMANOS|2024-04-17|2025-04-11|12|8|2025-04-02|BAIXO|RASCUNHO OM|CEIMBE|QUARTO DN|CON|COM4DN
"97-5/2024"|"0765"|NOTA DE AUDITORIA - PATRIMÔNIO|2024-11-14|2025-03-28|8|1||BAIXO|ENVIADA|CPRS|QUINTO DN|CON|COM5DN
"99-5/2024"|"1223"|NOTA DE AUDITORIA - PATRIMÔNIO|2025-03-11|2025-04-10|10|1||BAIXO|ENVIADA|ESQDHU-51|QUINTO DN|CON|COM5DN
