"CODOM"|"UASG"|"NOMEOM"|"SIGLAOM"|"INDICATIVOOM"|"UF"|"AREAOM"|"COD_OM_COMIMSUP"|"SITUACAO"
"0070"|"712000"|SECRETARIA DA COMISSÃO INTERMINISTERIAL PARA OS RECURSOS DO MAR|SECIRM|SECIRM|DF|SÉTIMO DN|299.0|1
"0071"|"762410"|AVISO DE INSTRUÇÃO ASPIRANTE NASCIMENTO|AVINASPNASC|AVINAS|RJ|PRIMEIRO DN|525.0|1
"0072"|"762411"|AVISO DE INSTRUÇÃO GUARDA MARINHA JANSEN|AVINGMJANSEN|AVIJAN|RJ|PRIMEIRO DN|525.0|1
"0073"|"762412"|AVISO DE INSTRUÇÃO GUARDA MARINHA BRITO|AVINGMBRITO|AVIBRT|RJ|PRIMEIRO DN|525.0|1
"0084"|"782100"|COMANDO DA FORÇA DE MINAGEM E VARREDURA|COMFORMINVAR|FORVAR|BA|SEGUNDO DN|640.0|1
"0085"|"782115"|NAVIO-VARREDOR ARATU|NVARATU|NVARAT|BA|SEGUNDO DN|84.0|1
"0087"|"782117"|NAVIO-VARREDOR ATALAIA|NVATALAIA|NVATLA|BA|SEGUNDO DN|84.0|1
"0088"|"782118"|NAVIO-VARREDOR ARAÇATUBA|NVARACATUBA|NVTUBA|BA|SEGUNDO DN|84.0|1
"0093"|"731050"|BATALHÃO NAVAL|BTLNAV|BATNAV|RJ|PRIMEIRO DN|282.0|1
"0097"|"791602"|NAVIO-ESCOLA BRASIL|NEBRASIL|NEBRSL|RJ|PRIMEIRO DN|191.0|1
"0101"|"751201"|NAVIO DE APOIO OCEANOGRÁFICO ARY RONGEL|NAPOCARONGEL|NAOARO|RJ|PRIMEIRO DN|269.0|1
"0102"|"751203"|NAVIO OCEANOGRÁFICO ANTARES|NOCANTARES|NOCANT|RJ|PRIMEIRO DN|269.0|1
"0105"|"788118"|NAVIO DE ASSISTÊNCIA HOSPITALAR OSWALDO CRUZ|NASHOCRUZ|NASHOC|AM|NONO DN|721.0|1
"0106"|"788119"|NAVIO DE ASSISTÊNCIA HOSPITALAR CARLOS CHAGAS|NASHCCHAGAS|NASHCC|AM|NONO DN|721.0|1
"0111"|"760001"|SERVIÇO DE ASSISTÊNCIA RELIGIOSA DA MARINHA|SARM|SVCARM|RJ|PRIMEIRO DN|532.0|1
"0115"|"789331"|NAVIO BALIZADOR FAROLEIRO MARIO SEIXAS|NBFMSEIXAS|NBFLMS|PR|OITAVO DN|1254.0|1
"0116"|"783401"|ESTAÇÃO RADIOGONIOMÉTRICA DA MARINHA EM NATAL|ERMN|ERMNAT|RN|TERCEIRO DN|680.0|1
"0120"|"710200"|EMPRESA GERENCIAL DE PROJETOS NAVAIS|EMGEPRON|EGPRON|RJ|PRIMEIRO DN|299.0|1
"0122"|"753000"|INSTITUTO DE ESTUDOS DO MAR ALTE PAULO MOREIRA|IEAPM|IEMAPM|RJ|PRIMEIRO DN|1169.0|1
"0126"|"791619"|CORVETA JULIO DE NORONHA|CVJNORONHA|CVJULI|RJ|PRIMEIRO DN|352.0|1
"0127"|"791530"|SUBMARINO TUPI|STUPI|SBTUPI|RJ|PRIMEIRO DN|34.0|1
"0129"|"783123"|REBOCADOR DE ALTO-MAR TRIUNFO|RBAMTRIUNFO|RTRNFO|RN|TERCEIRO DN|1021.0|1
"0130"|"785101"|REBOCADOR DE ALTO-MAR TRITÃO|RBAMTRITAO|RTRTAO|RS|QUINTO DN|1019.0|1
"0143"|"784513"|NAVIO HIDROCEANOGRÁFICO GARNIER SAMPAIO|NHOGSAMPAIO|NHOGSA|PA|QUARTO DN|1174.0|1
"0145"|"744000"|DIRETORIA DE SISTEMAS DE ARMAS DA MARINHA|DSAM|SISARM|RJ|PRIMEIRO DN|506.0|1
"0149"|"785800"|ESTAÇÃO NAVAL DO RIO GRANDE|ENRG|ESNVRG|RS|QUINTO DN|760.0|1
"0150"|"765730"|CENTRO DE PERÍCIAS MÉDICAS DA MARINHA|CPMM|PERMED|RJ|PRIMEIRO DN|508.0|1
"0159"|"795390"|COMPANHIA DE POLÍCIA|CIAPOL|CIAPOL|RJ|PRIMEIRO DN|588.0|1
"0184"|"702050"|COMANDO DA DEFESA AEROESPACIAL BRASILEIRA|COMDABRA|COMDABRA|DF|SÉTIMO DN||1
"0186"|"773200"|PAGADORIA DE PESSOAL DA MARINHA|PAPEM|PAGPEM|RJ|PRIMEIRO DN|5.0|1
"0189"|"791700"|COMANDO DA 1ª DIVISÃO DA ESQUADRA|COMDIV-1|PRIESQ|RJ|PRIMEIRO DN|593.0|1
"1150"|"730010"|CENTRO DE DEFESA NUCLEAR, BIOLÓGICA, QUÍMICA E RADIOLÓGICA DA MB|CDEFNBQR-MB|CDNBQR|RJ|PRIMEIRO DN|581.0|1
"0002"|"791800"|BASE NAVAL DO RIO DE JANEIRO|BNRJ|BNARIO|RJ|PRIMEIRO DN|593.0|1
"0004"|"771000"|DIRETORIA DE ABASTECIMENTO DA MARINHA|DABM|ABASTC|RJ|PRIMEIRO DN|837.0|1
"0005"|"773000"|DIRETORIA DE FINANÇAS DA MARINHA|DFM|FINANS|RJ|PRIMEIRO DN|837.0|1
"0006"|"767100"|SERVIÇO DE ASSISTÊNCIA SOCIAL DA MARINHA|SASM|SVCASS|RJ|PRIMEIRO DN|211.0|1
"0010"|"787310"|CAPITANIA FLUVIAL DO ARAGUAIA-TOCANTINS|CFAT|CFATOC|TO|SÉTIMO DN|830.0|1
"0011"|"712100"|ESTAÇÃO ANTÁRTICA COMANDANTE FERRAZ|EACOMTEFERRAZ|ESANCF||EXTERIOR|70.0|1
"0013"|"785332"|DELEGACIA FLUVIAL DE URUGUAIANA|DELURUGUAIANA|DLURUG|RS|QUINTO DN|765.0|1
"0014"|"788317"|AGÊNCIA FLUVIAL DE TEFÉ|AGTEFE|AGTEFE|AM|NONO DN|725.0|1
"0021"|"785341"|DELEGACIA DA CAPITANIA DOS PORTOS EM LAGUNA|DELLAGUNA|DELUNA|SC|QUINTO DN|763.0|1
"0025"|"781332"|DELEGACIA DA CAPITANIA DOS PORTOS EM ITACURUÇÁ|DELITACURUCA|DLRUCA|RJ|PRIMEIRO DN|557.0|1
"0034"|"791500"|COMANDO DA FORÇA DE SUBMARINOS|COMFORS|FORSUB|RJ|PRIMEIRO DN|593.0|1
"0050"|"744030"|CENTRO DE MÍSSEIS E ARMAS SUBMARINAS DA MARINHA|CMASM|CEMASB|RJ|PRIMEIRO DN|145.0|1
"0051"|"784400"|ESTAÇÃO RADIOGONIOMÉTRICA DA MARINHA EM BELÉM|ERMBE|ERMBEL|PA|QUARTO DN|720.0|1
"0053"|"765720"|HOSPITAL NAVAL MARCÍLIO DIAS|HNMD|HOSMAD|RJ|PRIMEIRO DN|508.0|1
"0054"|"788316"|AGÊNCIA FLUVIAL DE PARINTINS|AGPARINTINS|AGTINS|AM|NONO DN|725.0|1
"0061"|"771220"|CENTRO DE DISTRIBUIÇÃO E OPERAÇÕES ADUANEIRAS DA MARINHA|CDAM|CENDAM|RJ|PRIMEIRO DN|1333.0|1
"1031"|"791645"|CORVETA BARROSO|CVBARROSO|CVBARR|RJ|PRIMEIRO DN|352.0|1
"0518"|"762200"|CENTRO DE INSTRUÇÃO ALMIRANTE WANDENKOLK|CIAW|CIALWK|RJ|PRIMEIRO DN|628.0|1
"0519"|"732400"|CENTRO DE EDUCAÇÃO FÍSICA ALMIRANTE ADALBERTO NUNES|CEFAN|CEFAAN|RJ|PRIMEIRO DN|581.0|1
"0520"|"762500"|SERVIÇO DE SELEÇÃO DO PESSOAL DA MARINHA|SSPM|SVCSEL|RJ|PRIMEIRO DN|628.0|1
"0521"|"765701"|HOSPITAL CENTRAL DA MARINHA|HCM|HOSCEN|RJ|PRIMEIRO DN|150.0|1
"0523"|"711100"|CENTRO DE COMUNICAÇÃO SOCIAL DA MARINHA|CCSM|CCSCMB|DF|SÉTIMO DN|299.0|1
"0524"|"765703"|ODONTOCLÍNICA CENTRAL DA MARINHA|OCM|ODONTO|RJ|PRIMEIRO DN|286.0|1
"0525"|"762400"|ESCOLA NAVAL|EN|ESCOLA|RJ|PRIMEIRO DN|628.0|1
"0526"|"765741"|LABORATÓRIO FARMACÊUTICO DA MARINHA|LFM|LABFAR|RJ|PRIMEIRO DN|508.0|1
"0528"|"765706"|SANATÓRIO NAVAL DE NOVA FRIBURGO|SNNF|SNNFRJ|RJ|PRIMEIRO DN|286.0|1
"0529"|"762300"|COLÉGIO NAVAL|CN|COLNAV|RJ|PRIMEIRO DN|628.0|1
"0530"|"765704"|POLICLÍNICA NAVAL NOSSA SENHORA DA GLÓRIA|PNNSG|PCLNSG|RJ|PRIMEIRO DN|286.0|1
"0532"|"760000"|DIRETORIA-GERAL DO PESSOAL DA MARINHA|DGPM|DRGPES|RJ|PRIMEIRO DN|298.0|1
"0533"|"791590"|CENTRO DE INSTRUÇÃO E ADESTRAMENTO ALMIRANTE ÁTTILA MONTEIRO ACHÉ|CIAMA|CIASUB|RJ|PRIMEIRO DN|34.0|1
"0535"|"795140"|"3º BATALHÃO DE INFANTARIA DE FUZILEIROS NAVAIS (BATALHÃO PAISSANDU)"|"3BTLINFFUZNAV"|TERBTI|RJ|PRIMEIRO DN|513.0|1
"0536"|"771280"|CENTRO DE MUNIÇÃO DA MARINHA|CMM|CENMUN|RJ|PRIMEIRO DN|1333.0|1
"0537"|"710100"|TRIBUNAL MARÍTIMO |TM|TRIBAR|RJ|PRIMEIRO DN|299.0|1
"0538"|"713000"|COMISSÃO DE PROMOÇÕES DE OFICIAIS|CPO|PROMOF|RJ|PRIMEIRO DN|299.0|1
"0539"|"778000"|CAIXA DE CONSTRUÇÕES DE CASAS PARA O PESSOAL DA MARINHA|CCCPM|CCCPMM|RJ|PRIMEIRO DN|837.0|1
"0540"|"732500"|COMISSÃO DE DESPORTOS DA MARINHA|CDM|CODEMA|RJ|PRIMEIRO DN|581.0|1
"0542"|"781600"|ESCOLA DE APRENDIZES-MARINHEIROS DO ESPÍRITO SANTO|EAMES|EAMVTR|ES|PRIMEIRO DN|570.0|1
"0543"|"781331"|DELEGACIA DA CAPITANIA DOS PORTOS EM ANGRA DOS REIS|DELAREIS|DLANGR|RJ|PRIMEIRO DN|557.0|1
"0544"|"781310"|CAPITANIA DOS PORTOS DO ESPÍRITO SANTO|CPES|CPVITO|ES|PRIMEIRO DN|570.0|1
"0545"|"716000"|PROCURADORIA ESPECIAL DA MARINHA|PEM|PROCTM|RJ|PRIMEIRO DN|299.0|1
"0546"|"781940"|PRESÍDIO DA MARINHA|PM|PRESID|RJ|PRIMEIRO DN|570.0|1
"0548"|"789320"|CAPITANIA FLUVIAL DO TIETÊ-PARANÁ|CFTP|CPFTPR|SP|OITAVO DN|210.0|1
"0550"|"764100"|SERVIÇO DE IDENTIFICAÇÃO DA MARINHA|SIM|SVCIDE|RJ|PRIMEIRO DN|1319.0|1
"0551"|"791190"|CENTRO DE INSTRUÇÃO E ADESTRAMENTO AERONAVAL|CIAAN|CIAAER|RJ|PRIMEIRO DN|558.0|1
"0552"|"791180"|BASE AÉREA NAVAL DE SÃO PEDRO DA ALDEIA|BAENSPA|BANSPA|RJ|PRIMEIRO DN|558.0|1
"0553"|"721000"|ESCOLA DE GUERRA NAVAL|EGN|GUENAV|RJ|PRIMEIRO DN|836.0|1
"0554"|"789321"|DELEGACIA FLUVIAL DE PRESIDENTE EPITÁCIO|DELPEPITACIO|DLPREP|SP|OITAVO DN|548.0|1
"0555"|"795130"|"2º BATALHÃO DE INFANTARIA DE FUZILEIROS NAVAIS (BATALHÃO HUMAITÁ)"|"2BTLINFFUZNAV"|SEGBTI|RJ|PRIMEIRO DN|513.0|1
"0557"|"781330"|CAPITANIA DOS PORTOS DO RIO DE JANEIRO|CPRJ|CPRIOJ|RJ|PRIMEIRO DN|570.0|1
"0558"|"791100"|COMANDO DA FORCA AERONAVAL|COMFORAERNAV|FORAER|RJ|PRIMEIRO DN|593.0|1
"0559"|"762600"|CENTRO DE INSTRUÇÃO ALMIRANTE ALEXANDRINO|CIAA|CIALEX|RJ|PRIMEIRO DN|628.0|1
"0560"|"767200"|CASA DO MARINHEIRO|CMN|CASAMN|RJ|PRIMEIRO DN|211.0|1
"0561"|"789310"|CAPITANIA DOS PORTOS DE SÃO PAULO|CPSP|CPSANT|SP|OITAVO DN|210.0|1
"0563"|"771210"|DEPÓSITO DE COMBUSTÍVEIS DA MARINHA NO RIO DE JANEIRO|DEPCMRJ|DPCOMB|RJ|PRIMEIRO DN|1333.0|1
"0565"|"771250"|DEPÓSITO DE SOBRESSALENTES DA MARINHA NO RIO DE JANEIRO|DEPSMRJ|DPSOBR|RJ|PRIMEIRO DN|1333.0|1
"0569"|"771260"|DEPÓSITO DE FARDAMENTO DA MARINHA NO RIO DE JANEIRO|DEPFMRJ|DPFARD|RJ|PRIMEIRO DN|1339.0|1
"0570"|"781000"|COMANDO DO 1º DISTRITO NAVAL|COM1DN|PRIDIS|RJ|PRIMEIRO DN|630.0|1
"0574"|"732100"|CENTRO DE INSTRUÇÃO ALMIRANTE SYLVIO DE CAMARGO|CIASC|CIACFN|RJ|PRIMEIRO DN|1343.0|1
"0575"|"791580"|BASE ALMIRANTE CASTRO E SILVA|BACS|BACSNI|RJ|PRIMEIRO DN|34.0|1
"0576"|"732200"|CENTRO DE INSTRUÇÃO ALMIRANTE MILCIADES PORTELA ALVES|CIAMPA|CIAMPA|RJ|PRIMEIRO DN|283.0|1
"0577"|"795320"|BATALHÃO LOGÍSTICO DE FUZILEIROS NAVAIS|BTLLOGFUZNAV|BTLLOG|RJ|PRIMEIRO DN|588.0|1
"0580"|"789311"|DELEGACIA DA CAPITANIA DOS PORTOS EM SÃO SEBASTIÃO|DELSSEBASTIAO|DLTIAO|SP|OITAVO DN|561.0|1
"0581"|"730000"|COMANDO-GERAL DO CORPO DE FUZILEIROS NAVAIS|CGCFN|COMCFN|RJ|PRIMEIRO DN|298.0|1
"0582"|"714001"|CENTRO DE INTELIGÊNCIA DA MARINHA - RIO|CIM-RIO||RJ|PRIMEIRO DN|841.0|1
"0583"|"720301"|INSTITUTO DE PESQUISAS DA MARINHA|IPQM|INSPEQ|RJ|PRIMEIRO DN|1169.0|1
"0584"|"781402"|ESTAÇÃO RÁDIO DA MARINHA NO RIO DE JANEIRO|ERMRJ|ERMRIO|RJ|PRIMEIRO DN|570.0|1
"0586"|"741000"|ARSENAL DE MARINHA DO RIO DE JANEIRO|AMRJ|AMRJRJ|RJ|PRIMEIRO DN|1170.0|1
"0587"|"791901"|CENTRO DE ADESTRAMENTO ALMIRANTE MARQUES DE LEÃO|CAAML|CALEAO|RJ|PRIMEIRO DN|593.0|1
"0590"|"795310"|BATALHÃO DE ENGENHARIA DE FUZILEIROS NAVAIS|BTLENGFUZNAV|BTLENG|RJ|PRIMEIRO DN|588.0|1
"0593"|"791000"|COMANDO EM CHEFE DA ESQUADRA|COMEMCH|COMESQ|RJ|PRIMEIRO DN|630.0|1
"0595"|"795340"|BATALHÃO DE VIATURAS ANFÍBIAS|BTLVTRANF|BTLVAN|RJ|PRIMEIRO DN|588.0|1
"0598"|"795400"|BATALHÃO DE OPERAÇÕES ESPECIAIS DE FUZILEIROS NAVAIS|BTLOPESPFUZNAV|BTLOPS|RJ|PRIMEIRO DN|606.0|1
"0600"|"795160"|BATALHÃO DE ARTILHARIA DE FUZILEIROS NAVAIS|BTLARTFUZNAV|BTLART|RJ|PRIMEIRO DN|513.0|1
"0603"|"791110"|"1º ESQUADRÃO DE HELICÓPTEROS ANTI-SUBMARINO"|ESQDHS-1|HELIAS|RJ|PRIMEIRO DN|558.0|1
"0604"|"789200"|CENTRO DE COORDENAÇÃO DE ESTUDOS DA MARINHA EM SÃO PAULO|CCEMSP|CCEMSP|SP|OITAVO DN|752.0|1
"1146"|"771230"|DEPÓSITO DE SUPRIMENTOS DE INTENDÊNCIA DA MARINHA NO RIO DE JANEIRO|DEPSIMRJ|DPSUPR|RJ|PRIMEIRO DN|1339.0|1
"0605"|"791120"|"1º ESQUADRÃO DE HELICÓPTEROS DE EMPREGO GERAL"|ESQDHU-1|HELIEU|RJ|PRIMEIRO DN|558.0|1
"0606"|"795000"|COMANDO DA FORÇA DE FUZILEIROS DA ESQUADRA|COMFFE|FUZESQ|RJ|PRIMEIRO DN|630.0|1
"0607"|"781003"|POSTO OCEANOGRÁFICO DA ILHA DA TRINDADE ( SUBOM 1ºDN)|POIT|POTRIN|ES|PRIMEIRO DN|570.0|1
"0611"|"785200"|GRUPAMENTO DE FUZILEIROS NAVAIS DO RIO GRANDE|GPTFNRG|GRFRGD|RS|QUINTO DN|760.0|1
"0612"|"791130"|"2º ESQUADRÃO DE HELICÓPTEROS DE EMPREGO GERAL"|ESQDHU-2|HELIED|RJ|PRIMEIRO DN|558.0|1
"0614"|"791150"|"1º ESQUADRÃO DE HELICÓPTEROS DE INSTRUÇÃO"|ESQDHI-1|HELINS|RJ|PRIMEIRO DN|558.0|1
"0618"|"791140"|"1º ESQUADRÃO DE HELICÓPTEROS DE ESCLARECIMENTO E ATAQUE"|ESQDHA-1|HELITQ|RJ|PRIMEIRO DN|558.0|1
"0619"|"781335"|AGÊNCIA DA CAPITANIA DOS PORTOS EM PARATI|AGPARATI|AGPRTI|RJ|PRIMEIRO DN|557.0|1
"0624"|"776000"|DIRETORIA DE ADMINISTRAÇÃO DA MARINHA|DADM|ADMSTR|RJ|PRIMEIRO DN|837.0|1
"0628"|"762000"|DIRETORIA DE ENSINO DA MARINHA|DENSM|ENSINO|RJ|PRIMEIRO DN|532.0|1
"0629"|"781401"|ESTAÇÃO RADIOGONIOMÉTRICA DA MARINHA EM CAMPOS NOVOS|ERMCN|ERCNOV|RJ|PRIMEIRO DN|570.0|1
"0630"|"780000"|COMANDO DE OPERAÇÕES NAVAIS|COMOPNAV|OPENAV|RJ|PRIMEIRO DN|298.0|1
"0631"|"752100"|CENTRO DE INSTRUÇÃO ALMIRANTE GRACA ARANHA|CIAGA|CIGRAR|RJ|PRIMEIRO DN|507.0|1
"0635"|"723000"|CENTRO DE ANÁLISES DE SISTEMAS NAVAIS|CASNAV|CASNAV|RJ|PRIMEIRO DN|1169.0|1
"0190"|"791900"|COMANDO DA 2ª DIVISÃO DA ESQUADRA|COMDIV-2|SEGESQ|RJ|PRIMEIRO DN|593.0|1
"0191"|"791600"|COMANDO DA FORÇA DE SUPERFÍCIE|COMFORSUP|FORPER|RJ|PRIMEIRO DN|593.0|1
"0198"|"791660"|COMANDO DO 1º ESQUADRÃO DE APOIO|COMESQDAP-1|PRIEAP|RJ|PRIMEIRO DN|191.0|1
"0202"|"782019"|CORVETA CABOCLO|CVCABOCLO|CVCBCL|BA|SEGUNDO DN|1023.0|1
"0210"|"789000"|COMANDO DO 8º DISTRITO NAVAL|COM8DN|OITDIS|SP|OITAVO DN|630.0|1
"0211"|"767000"|DIRETORIA DE ASSISTÊNCIA SOCIAL DA MARINHA|DASM|DIRASM|RJ|PRIMEIRO DN|532.0|1
"0219"|"791570"|GRUPAMENTO DE MERGULHADORES DE COMBATE|GRUMEC|GPTMEC|RJ|PRIMEIRO DN|34.0|1
"0220"|"784119"|NAVIO-PATRULHA BRACUÍ|NPABRACUI|NPACUI|PA|QUARTO DN|1022.0|1
"0223"|"785107"|NAVIO-PATRULHA BABITONGA|NPABABITONGA|NPANGA|RS|QUINTO DN|1019.0|1
"0225"|"791904"|CENTRO DE MANUTENÇÃO DE EMBARCAÇÕES MIÚDAS|CMEM|CEMEMI|RJ|PRIMEIRO DN|593.0|1
"0228"|"785344"|DELEGACIA DA CAPITANIA DOS PORTOS EM ITAJAÍ|DELITAJAI|DCPJAI|SC|QUINTO DN|763.0|1
"0229"|"785106"|NAVIO-PATRULHA BENEVENTE|NPABENEVENTE|NPANTE|RS|QUINTO DN|1019.0|1
"0230"|"784120"|NAVIO-PATRULHA BOCAINA|NPABOCAINA|NPABOC|PA|QUARTO DN|1022.0|1
"0243"|"786108"|NAVIO-PATRULHA PIRATINI|NPAPIRATINI|NPAINI|MS|SEXTO DN|792.0|1
"0244"|"786107"|NAVIO-PATRULHA PIRAJÁ|NPAPIRAJA|NPAAJA|MS|SEXTO DN|792.0|1
"0245"|"784115"|NAVIO-PATRULHA PAMPEIRO|NPAPAMPEIRO|NPAPAM|PA|QUARTO DN|1022.0|1
"0248"|"786105"|NAVIO-PATRULHA POTI|NPAPOTI|NPAPOT|MS|SEXTO DN|792.0|1
"0249"|"788120"|NAVIO-PATRULHA FLUVIAL PEDRO TEIXEIRA|NPAFLUPTEIXEIRA|NPFPTX|AM|NONO DN|721.0|1
"0250"|"788121"|NAVIO-PATRULHA FLUVIAL RAPOSO TAVARES|NPAFLURTAVARES|NPFRTV|AM|NONO DN|721.0|1
"0251"|"788132"|NAVIO-PATRULHA FLUVIAL AMAPÁ|NPAFLUAMAPA|NPFAMP|AM|NONO DN|721.0|1
"0252"|"788131"|NAVIO-PATRULHA FLUVIAL RONDÔNIA|NPAFLURONDONIA|NPFRON|AM|NONO DN|721.0|1
"0253"|"788130"|NAVIO-PATRULHA FLUVIAL RORAIMA|NPAFLURORAIMA|NPFRRM|AM|NONO DN|721.0|1
"0254"|"783142"|NAVIO-PATRULHA GRAÚNA|NPAGRAUNA|NPAUNA|RN|TERCEIRO DN|1021.0|1
"0255"|"783143"|NAVIO-PATRULHA GOIANA|NPAGOIANA|NPAGOI|RN|TERCEIRO DN|1021.0|1
"0256"|"783140"|NAVIO-PATRULHA GRAJAÚ|NPAGRAJAU|NPAJAU|RN|TERCEIRO DN|1021.0|1
"0257"|"783141"|NAVIO-PATRULHA GUAÍBA|NPAGUAIBA|NPAIBA|RN|TERCEIRO DN|1021.0|1
"0258"|"789144"|NAVIO-PATRULHA GUAJARÁ|NPAGUAJARA|NPAGUA|SP|OITAVO DN|1210.0|1
"0259"|"789145"|NAVIO-PATRULHA GUAPORÉ|NPAGUAPORE|NPAORE|SP|OITAVO DN|1210.0|1
"0265"|"781146"|NAVIO-PATRULHA GURUPÁ|NPAGURUPA|NPAUPA|RJ|PRIMEIRO DN|1020.0|1
"0266"|"781147"|NAVIO-PATRULHA GURUPI|NPAGURUPI|NPAURI|RJ|PRIMEIRO DN|1020.0|1
"0268"|"791624"|FRAGATA RADEMAKER|FRADEMAKER|FRADEM|RJ|PRIMEIRO DN|352.0|1
"0269"|"751200"|GRUPAMENTO DE NAVIOS HIDROCEANOGRÁFICOS|GNHO|GRNHID|RJ|PRIMEIRO DN|505.0|1
"0279"|"751209"|NAVIO HIDROCEANOGRÁFICO TAURUS|NHOTAURUS|NHOTAU|RJ|PRIMEIRO DN|269.0|1
"0280"|"795500"|BASE DE FUZILEIROS NAVAIS DO RIO MERITI|BFNRM|BFNRME|RJ|PRIMEIRO DN|606.0|1
"0282"|"731000"|COMANDO DO MATERIAL DE FUZILEIROS NAVAIS|CMATFN|MATCFN|RJ|PRIMEIRO DN|581.0|1
"0283"|"732000"|COMANDO DO PESSOAL DE FUZILEIROS NAVAIS|CPESFN|PESCFN|RJ|PRIMEIRO DN|581.0|1
"0286"|"765700"|CENTRO MÉDICO ASSISTENCIAL DA MARINHA|CMAM|CMASSM|RJ|PRIMEIRO DN|508.0|1
"0287"|"791160"|"1º ESQUADRÃO DE AVIÕES DE INTERCEPTAÇÃO E ATAQUE"|ESQDVF-1|ESQAVI|RJ|PRIMEIRO DN|558.0|1
"0291"|"751213"|CENTRO DE HIDROGRAFIA DA MARINHA|CHM|CENHID|RJ|PRIMEIRO DN|505.0|1
"0292"|"751212"|BASE DE HIDROGRAFIA DA MARINHA EM NITERÓI|BHMN|BASHID|RJ|PRIMEIRO DN|505.0|1
"0298"|"710000"|COMANDO DA MARINHA|CM|COMMAR|DF|SÉTIMO DN|313.0|1
"0299"|"711000"|GABINETE DO COMANDANTE DA MARINHA|GCM|GABMAR|DF|SÉTIMO DN|298.0|1
"0303"|"788200"|"1º BATALHÃO DE OPERAÇÕES RIBEIRINHAS"|"1ºBTLOPRIB"|PRIRIB|AM|NONO DN|1011.0|1
"0306"|"791902"|CENTRO DE APOIO A SISTEMAS OPERATIVOS|CASOP|CASOPE|RJ|PRIMEIRO DN|593.0|1
"0307"|"795180"|BASE DE FUZILEIROS NAVAIS DA ILHA DO GOVERNADOR|BFNIG|BFNIGO|RJ|PRIMEIRO DN|513.0|1
"0311"|"711001"|GABINETE DO COMANDANTE DA MARINHA-RIO|GCM-RIO|SUBRIO|RJ|PRIMEIRO DN|299.0|1
"0312"|"791191"|POLICLÍNICA NAVAL DE SÃO PEDRO DA ALDEIA|PNSPA|PCLSPA|RJ|PRIMEIRO DN|558.0|1
"0313"|"702000"|MINISTÉRIO DA DEFESA|MD|DEFESA|DF|SÉTIMO DN||1
"0314"|"784121"|NAVIO-PATRULHA GUANABARA|NPAGUANABARA|NPAGBR|PA|QUARTO DN|1022.0|1
"0317"|"786103"|NAVIO DE APOIO LOGÍSTICO FLUVIAL POTENGÍ|NAPLOGFLUPOTENGI|NALFPO|MS|SEXTO DN|792.0|1
"0319"|"782024"|NAVIO-PATRULHA GUARATUBA|NPAGUARATUBA|NPAUBA|BA|SEGUNDO DN|1023.0|1
"0325"|"786104"|NAVIO-TRANSPORTE FLUVIAL PARAGUASSU|NTRFLUPARAGUASSU|NTFSSU|MS|SEXTO DN|792.0|1
"0326"|"784122"|NAVIO-PATRULHA GUARUJÁ|NPAGUARUJA|NPAUJA|PA|QUARTO DN|1022.0|1
"0328"|"786109"|NAVIO-PATRULHA PENEDO|NPAPENEDO|NPAEDO|MS|SEXTO DN|792.0|1
"0332"|"782025"|NAVIO-PATRULHA GRAVATAÍ|NPAGRAVATAI|NPATAI|BA|SEGUNDO DN|1023.0|1
"0337"|"731051"|COMPANHIA DE POLÍCIA DO BATALHÃO NAVAL|CIAPOLBTLNAV|CIAPBN|RJ|PRIMEIRO DN|93.0|1
"0338"|"788133"|NAVIO DE ASSISTÊNCIA HOSPITALAR DOUTOR MONTENEGRO|NASHDOUTORMONTENEGRO|NASHMN|AM|NONO DN|721.0|1
"0347"|"720200"|REPRESENTAÇÃO PERMANENTE DO BRASIL JUNTO À ORGANIZAÇÃO MARÍTIMA INTERNACIONAL|RPBOMI|RPBIMO||EXTERIOR|836.0|1
"0348"|"791604"|NAVIO VELEIRO CISNE BRANCO|NVECISNEBRANCO|NVECBR|RJ|PRIMEIRO DN|191.0|1
"0350"|"751214"|NAVIO HIDROCEANOGRÁFICO AMORIM DO VALLE|NHOAVALLE|NHOAMV|RJ|PRIMEIRO DN|269.0|1
"0351"|"791610"|COMANDO DO 1º ESQUADRÃO DE ESCOLTA|COMESQDE-1|PRICOL|RJ|PRIMEIRO DN|191.0|1
"0352"|"791620"|COMANDO DO 2º ESQUADRÃO DE ESCOLTA|COMESQDE-2|SEGCOL|RJ|PRIMEIRO DN|191.0|1
"0373"|"791665"|NAVIO-TANQUE ALMIRANTE GASTÃO MOTTA|NTALTEGMOTTA|NTGMTA|RJ|PRIMEIRO DN|198.0|1
"0381"|"791612"|FRAGATA DEFENSORA|FDEFENSORA|FDEFEN|RJ|PRIMEIRO DN|351.0|1
"0382"|"791615"|FRAGATA INDEPENDÊNCIA|FINDEPENDENCIA|FINDEP|RJ|PRIMEIRO DN|351.0|1
"0383"|"791616"|FRAGATA UNIÃO|FUNIAO|FUNIAO|RJ|PRIMEIRO DN|351.0|1
"0384"|"791613"|FRAGATA CONSTITUIÇÃO|FCONSTITUICAO|FCONST|RJ|PRIMEIRO DN|351.0|1
"0385"|"791614"|FRAGATA LIBERAL|FLIBERAL|FLIBER|RJ|PRIMEIRO DN|351.0|1
"0422"|"786102"|MONITOR PARNAÍBA|MPARNAIBA|MNAIBA|MS|SEXTO DN|792.0|1
"0501"|"743000"|DIRETORIA DE AERONÁUTICA DA MARINHA|DAERM|AENAUT|RJ|PRIMEIRO DN|506.0|1
"0505"|"751000"|DIRETORIA DE HIDROGRAFIA E NAVEGAÇÃO|DHN|HINAVE|RJ|PRIMEIRO DN|838.0|1
"0506"|"740000"|DIRETORIA-GERAL DO MATERIAL DA MARINHA|DGMM|DRGMAT|RJ|PRIMEIRO DN|298.0|1
"0507"|"752000"|DIRETORIA DE PORTOS E COSTAS|DPC|PRTCOS|RJ|PRIMEIRO DN|838.0|1
"0508"|"765000"|DIRETORIA DE SAÚDE DA MARINHA|DSM|DSAUDE|RJ|PRIMEIRO DN|532.0|1
"0509"|"746000"|DIRETORIA DE OBRAS CIVIS DA MARINHA|DOCM|OBRCIV|RJ|PRIMEIRO DN|506.0|1
"0510"|"745000"|DIRETORIA DE ENGENHARIA NAVAL|DEN|ENGENA|RJ|PRIMEIRO DN|506.0|1
"0512"|"795120"|"1º BATALHÃO DE INFANTARIA DE FUZILEIROS NAVAIS (BATALHÃO RIACHUELO)"|"1BTLINFFUZNAV"|PRIBTI|RJ|PRIMEIRO DN|513.0|1
"0513"|"795100"|COMANDO DA DIVISÃO ANFIBÍA|COMDIVANF|DIVANF|RJ|PRIMEIRO DN|606.0|1
"0515"|"781200"|GRUPAMENTO DE FUZILEIROS NAVAIS DO RIO DE JANEIRO|GPTFNRJ|GRFRIO|RJ|PRIMEIRO DN|570.0|1
"0780"|"785400"|ESTAÇÃO RADIOGONIOMÉTRICA DA MARINHA NO RIO GRANDE|ERMRG|ERMRGD|RS|QUINTO DN|760.0|1
"0781"|"785333"|AGÊNCIA DA CAPITANIA DOS PORTOS EM TRAMANDAÍ|AGTRAMANDAI|AGNDAI|RS|QUINTO DN|765.0|1
"0783"|"791903"|CENTRO DE APOIO AO SISTEMA OPERATIVO (ARRAIAL DO CABO) SUBOM CASOP|CASOP-ACABO|CASOPE|RJ|PRIMEIRO DN|306.0|1
"0790"|"786000"|COMANDO DO 6º DISTRITO NAVAL|COM6DN|SXTDIS|MS|SEXTO DN|630.0|1
"0791"|"786800"|BASE FLUVIAL DE LADÁRIO|BFLA|BFLAMS|MS|SEXTO DN|790.0|1
"0792"|"786100"|COMANDO DA FLOTILHA DE MATO GROSSO|COMFLOTMT|FLTMGS|MS|SEXTO DN|790.0|1
"0793"|"786310"|CAPITANIA FLUVIAL DO PANTANAL|CFPN|CPUMBA|MS|SEXTO DN|790.0|1
"0794"|"786700"|HOSPITAL NAVAL DE LADÁRIO|HNLA|HOSLAD|MS|SEXTO DN|790.0|1
"0798"|"784322"|AGÊNCIA FLUVIAL DE IMPERATRIZ|AGIMPERATRIZ|AGIMPE|MA|QUARTO DN|713.0|1
"0800"|"701048"|ADIDÂNCIA NAVAL NA REPÚBLICA POPULAR DA CHINA|ADINAVCHINA|ADNCNA||EXTERIOR|836.0|1
"0801"|"765705"|UNIDADE INTEGRADA DE SAÚDE MENTAL|UISM|UNISME|RJ|PRIMEIRO DN|286.0|1
"0802"|"701040"|ADIDO DAS FORCAS ARMADAS EM ANGOLA E SÃO TOMÉ E PRÍNCIPE|ADIDEFNAVEXAERANGSAO|ADFANG||EXTERIOR|836.0|1
"0803"|"701049"|ADIDO DE DEFESA, NAVAL, DO EXÉRCITO E AERONÁUTICO NA FEDERAÇÃO DA RÚSSIA|ADIDEFNAVEXAERRUSSIA|ADFRUS||EXTERIOR|836.0|1
"0807"|"786313"|AGÊNCIA FLUVIAL DE PORTO MURTINHO|AGPMURTINHO|AGMURT|MS|SEXTO DN|793.0|1
"0810"|"701041"|ADIDO NAVAL E AERONÁUTICO NA ESPANHA|ADINAVAERESPANHA|ADFESP||EXTERIOR|836.0|1
"0812"|"701008"|ADIDO NAVAL NA ITÁLIA|ADINAVITALIA|ADNITL||EXTERIOR|836.0|1
"0813"|"701006"|ADIDO NAVAL NA FRANÇA E NA BÉLGICA|ADINAVFRABELGIC|ADNFRA||EXTERIOR|836.0|1
"0814"|"701011"|ADIDO DE DEFESA E NAVAL EM PORTUGAL|ADIDEFNAVPORTUGAL|ADNGAL||EXTERIOR|836.0|1
"0816"|"701034"|ADIDO DE DEFESA, NAVAL E DO EXÉRCITO NO SURINAME|ADIDEFNAVEXSURINAME|ADNSUR||EXTERIOR|836.0|1
"0830"|"787000"|COMANDO DO 7º DISTRITO NAVAL|COM7DN|SETDIS|DF|SÉTIMO DN|630.0|1
"0832"|"787200"|GRUPAMENTO DE FUZILEIROS NAVAIS DE BRASÍLIA|GPTFNB|GRFBRA|DF|SÉTIMO DN|830.0|1
"0833"|"787400"|ESTAÇÃO RÁDIO DA MARINHA EM BRASÍLIA|ERMB|ERMBRA|DF|SÉTIMO DN|830.0|1
"0835"|"787700"|HOSPITAL NAVAL DE BRASÍLIA|HNBRA|HOSBRA|DF|SÉTIMO DN|830.0|1
"0836"|"720000"|ESTADO-MAIOR DA ARMADA|EMA|ARMADA|DF|SÉTIMO DN|298.0|1
"0837"|"770000"|SECRETARIA-GERAL DA MARINHA|SGM|SGERAL|DF|SÉTIMO DN|298.0|1
"0838"|"750000"|DIRETORIA-GERAL DE NAVEGAÇÃO|DGN|DRGNAV|RJ|PRIMEIRO DN|298.0|1
"0841"|"714000"|CENTRO DE INTELIGÊNCIA DA MARINHA|CIM|CIMBRA|DF|SÉTIMO DN|299.0|1
"0856"|"701033"|ADIDO DE DEFESA, NAVAL E DO EXÉRCITO NA GUIANA|ADIDEFNAVEXGUIANA|ADNGUI||EXTERIOR|836.0|1
"0857"|"701043"|ADIDO DE DEFESA, NAVAL E DO EXÉRCITO NO IRAQUE|ADIDEFNAVEXIRAQUE|ADNIRQ|EX|EXTERIOR|836.0|1
"0859"|"701014"|ADIDO DE DEFESA E NAVAL NO URUGUAI|ADIDEFNAVURUGUAI|ADNURU||EXTERIOR|836.0|1
"0860"|"702090"|SUPERIOR TRIBUNAL MILITAR|STM|STMSTM|DF|SÉTIMO DN||1
"0863"|"702040"|HOSPITAL DAS FORÇAS ARMADAS|HFA|HOSFAR|DF|SÉTIMO DN||1
"0869"|"702080"|SECRETARIA DE ASSUNTOS ESTRATÉGICOS DA PRESID. DA REPÚBLICA|SAE-PR||DF|SÉTIMO DN||1
"0870"|"701002"|ADIDO NAVAL DA ARGENTINA|ADINAVARGENTINA|ADNAGT||EXTERIOR|836.0|1
"0874"|"701004"|ADIDO DE DEFESA E NAVAL NO CHILE|ADIDEFNAVCHILE|ADNCHI||EXTERIOR|836.0|1
"0878"|"701012"|ADIDO DE DEFESA E NAVAL NA REPÚBLICA FEDERAL DA ALEMANHA E HOLANDA|ADIDEFNAVRFALEHOLANDA|ADNALH||EXTERIOR|836.0|1
"0879"|"701030"|ADIDÂNCIA NAVAL NA COLÔMBIA|ADINAVCOLOMBIA|ADNCOL||EXTERIOR|836.0|1
"0883"|"701010"|ADIDO NAVAL NO PERU|ADINAVPERU|ADNPER||EXTERIOR|836.0|1
"0884"|"701003"|ADIDO NAVAL NA BOLÍVIA|ADINAVBOLIVIA|ADNBLV||EXTERIOR|836.0|1
"0886"|"770200"|COMISSÃO NAVAL BRASILEIRA EM WASHINGTON|CNBW|NAVUSA|EX|EXTERIOR|837.0|1
"0887"|"701031"|ADIDO DE DEFESA, NAVAL E DO EXÉRCITO NO EGITO|ADIDEFNAVEXEGITO|ADNEGI||EXTERIOR|836.0|1
"0888"|"701042"|ADIDO DE DEFESA, NAVAL, DO EXÉRCITO E AERONÁUTICO NO IRÃ|ADIDEFNAVEXAERIRA|ADFIRA||EXTERIOR|836.0|1
"0889"|"702220"|COORDENADORIA DA A. M. DO ATLAN-SUL ARGURUG SUBOM COMCONTRAM|CAMASAB||DF|PRIMEIRO DN||1
"0893"|"770100"|COMISSÃO NAVAL BRASILEIRA NA EUROPA|CNBE|NAVEUR||EXTERIOR|837.0|1
"0894"|"701001"|ADIDO DE DEFESA E NAVAL NA ÁFRICA DO SUL|ADIDEFNAVAFRSUL|ADNAFS||EXTERIOR|836.0|1
"0898"|"701047"|ADIDO DE DEFESA, NAVAL, DO EXÉRCITO E AERONÁUTICO NO MÉXICO|ADIDEFNAVEXAERMEXICO|ADFMEX||EXTERIOR|836.0|1
"0919"|"700919"|GABINETE DA VICE-PRESIDÊNCIA DA REPÚBLICA (SUBOM-GCM)|GVPRESREP||DF|SÉTIMO DN||1
"0640"|"782000"|COMANDO DO 2º DISTRITO NAVAL|COM2DN|SEGDIS|BA|SEGUNDO DN|630.0|1
"0642"|"782400"|ESTAÇÃO RÁDIO DA MARINHA EM SALVADOR|ERMS|ERMSAL|BA|SEGUNDO DN|640.0|1
"0643"|"782310"|CAPITANIA DOS PORTOS DA BAHIA|CPBA|CPSALV|BA|SEGUNDO DN|640.0|1
"0644"|"782320"|CAPITANIA DOS PORTOS DE SERGIPE|CPSE|CPCAJU|SE|SEGUNDO DN|640.0|1
"0646"|"782311"|DELEGACIA DA CAPITANIA DOS PORTOS EM ILHÉUS|DELILHEUS|DLHEUS|BA|SEGUNDO DN|643.0|1
"0648"|"782700"|HOSPITAL NAVAL DE SALVADOR|HNSA|HOSSAL|BA|SEGUNDO DN|640.0|1
"0649"|"782200"|GRUPAMENTO DE FUZILEIROS NAVAIS DE SALVADOR|GPTFNSA|GRFSAL|BA|SEGUNDO DN|640.0|1
"0655"|"782510"|SERVIÇO DE SINALIZAÇÃO NÁUTICA DO LESTE|SSN-2|SINEST|BA|SEGUNDO DN|640.0|1
"0656"|"782341"|AGÊNCIA FLUVIAL DE BOM JESUS DA LAPA|AGBJLAPA|AGBJLP|BA|SEGUNDO DN|1255.0|1
"0657"|"782801"|BASE NAVAL DE ARATU|BNA|BNARAT|BA|SEGUNDO DN|640.0|1
"0662"|"795380"|BASE DE FUZILEIROS NAVAIS DA ILHA DAS FLORES|BFNIF|BFNIFL|RJ|PRIMEIRO DN|588.0|1
"0665"|"771100"|BASE DE ABASTECIMENTO DA MARINHA NO RIO DE JANEIRO|BAMRJ|BAMBRJ|RJ|PRIMEIRO DN|4.0|1
"0667"|"771300"|CENTRO DE OBTENÇÃO DA MARINHA NO RIO DE JANEIRO|COMRJ|COBRIO|RJ|PRIMEIRO DN|4.0|1
"0680"|"783000"|COMANDO DO 3º DISTRITO NAVAL|COM3DN|TERDIS|RN|TERCEIRO DN|630.0|1
"0683"|"783800"|BASE NAVAL DE NATAL|BNN|BNNATL|RN|TERCEIRO DN|680.0|1
"0685"|"783601"|ESCOLA DE APRENDIZES-MARINHEIROS DO CEARÁ|EAMCE|EAMFTZ|CE|TERCEIRO DN|680.0|1
"0686"|"783602"|ESCOLA DE APRENDIZES-MARINHEIROS DE PERNAMBUCO|EAMPE|EAMRCF|PE|TERCEIRO DN|680.0|1
"0688"|"783510"|SERVIÇO DE SINALIZAÇÃO NÁUTICA DO NORDESTE|SSN-3|SINDES|RN|TERCEIRO DN|680.0|1
"0690"|"783340"|CAPITANIA DOS PORTOS DE PERNAMBUCO|CPPE|CPCIFE|PE|TERCEIRO DN|680.0|1
"0691"|"783320"|CAPITANIA DOS PORTOS DO CEARÁ|CPCE|CPFTZA|CE|TERCEIRO DN|680.0|1
"0692"|"783350"|CAPITANIA DOS PORTOS DO RIO GRANDE DO NORTE|CPRN|CPNATL|RN|TERCEIRO DN|680.0|1
"0693"|"783330"|CAPITANIA DOS PORTOS DA PARAÍBA|CPPB|CPSSOA|PB|TERCEIRO DN|680.0|1
"0694"|"783310"|CAPITANIA DOS PORTOS DE ALAGOAS|CPAL|CPCEIO|AL|TERCEIRO DN|680.0|1
"0695"|"783200"|GRUPAMENTO DE FUZILEIROS NAVAIS DE NATAL|GPTFNNA|GRFNAT|RN|TERCEIRO DN|680.0|1
"0697"|"783701"|HOSPITAL NAVAL DE NATAL|HNNA|HOSNAT|RN|TERCEIRO DN|680.0|1
"0702"|"783351"|AGÊNCIA DA CAPITANIA DOS PORTOS EM AREIA BRANCA|AGABRANCA|AGBRAN|RN|TERCEIRO DN|692.0|1
"0703"|"783322"|AGÊNCIA DA CAPITANIA DOS PORTOS EM CAMOCIM|AGCAMOCIM|AGOCIM|CE|TERCEIRO DN|691.0|1
"0707"|"783311"|AGÊNCIA FLUVIAL DE PENEDO|AGPENEDO|AGNEDO|AL|TERCEIRO DN|694.0|1
"0711"|"783702"|HOSPITAL NAVAL DE RECIFE|HNRE|HOSRCF|PE|TERCEIRO DN|680.0|1
"0713"|"784320"|CAPITANIA DOS PORTOS DO MARANHÃO|CPMA|CPLUIZ|MA|QUARTO DN|720.0|1
"0714"|"784330"|CAPITANIA DOS PORTOS DO PIAUÍ |CPPI|CPPARN|PI|QUARTO DN|720.0|1
"0720"|"784000"|COMANDO DO 4º DISTRITO NAVAL|COM4DN|QRTDIS|PA|QUARTO DN|630.0|1
"0721"|"788100"|COMANDO DA FLOTILHA DO AMAZONAS|COMFLOTAM|FLTAMZ|AM|NONO DN|1011.0|1
"0722"|"784800"|BASE NAVAL DE VAL-DE-CÃES|BNVC|BNVCBE|PA|QUARTO DN|720.0|1
"0724"|"784900"|CENTRO DE INSTRUÇÃO ALMIRANTE BRAZ DE AGUIAR|CIABA|CIBRAG|PA|QUARTO DN|720.0|1
"0725"|"788310"|CAPITANIA FLUVIAL DA AMAZÔNIA OCIDENTAL|CFAOC|CPNAUS|AM|NONO DN|1011.0|1
"0726"|"784310"|CAPITANIA DOS PORTOS DA AMAZÔNIA ORIENTAL|CPAOR|CPBLEM|PA|QUARTO DN|720.0|1
"0729"|"784700"|HOSPITAL NAVAL DE BELÉM|HNBE|HOSBEL|PA|QUARTO DN|720.0|1
"0731"|"784200"|"2º BATALHÃO DE OPERAÇÕES RIBEIRINHAS"|"2ºBTLOPRIB"|SEGRIB|PA|QUARTO DN|720.0|1
"0733"|"788810"|ESTAÇÃO NAVAL DO RIO NEGRO|ENRN|ESNVNG|AM|NONO DN|1011.0|1
"0735"|"788313"|AGÊNCIA FLUVIAL DE EIRUNEPÉ|AGEIRUNEPE|AGNEPE|AM|NONO DN|725.0|1
"0737"|"788315"|AGÊNCIA FLUVIAL DE ITACOATIARA|AGITACOATIARA|AGITAC|AM|NONO DN|725.0|1
"0752"|"742000"|CENTRO TECNOLÓGICO DA MARINHA EM SÃO PAULO|CTMSP|CTEMSP|SP|OITAVO DN|1168.0|1
"0758"|"720001"|ESTADO-MAIOR DA ARMADA - RIO DE JANEIRO (SUBOM EMA)|EMA-RIO|ARMADA|RJ|PRIMEIRO DN|836.0|1
"0759"|"770001"|SECRETARIA-GERAL DA MARINHA (RIO)|SGM-RIO|SGERAL|RJ|PRIMEIRO DN|837.0|1
"0760"|"785000"|COMANDO DO 5º DISTRITO NAVAL|COM5DN|QUIDIS|RS|QUINTO DN|630.0|1
"0761"|"789300"|CAPITANIA FLUVIAL DO RIO PARANÁ|CFRP|CPFOZU|PR|OITAVO DN|210.0|1
"0762"|"785600"|ESCOLA DE APRENDIZES-MARINHEIROS DE SANTA CATARINA|EAMSC|EAMFPL|SC|QUINTO DN|760.0|1
"0763"|"785340"|CAPITANIA DOS PORTOS DE SANTA CATARINA|CPSC|CPFPOL|SC|QUINTO DN|760.0|1
"0764"|"789330"|CAPITANIA DOS PORTOS DO PARANÁ|CPPR|CPAGUA|PR|OITAVO DN|210.0|1
"0765"|"785330"|CAPITANIA DOS PORTOS DO RIO GRANDE DO SUL|CPRS|CPGRAN|RS|QUINTO DN|760.0|1
"0770"|"785342"|DELEGACIA DA CAPITANIA DOS PORTOS EM SÃO FRANCISCO DO SUL|DELSFSUL|DLSFSL|SC|QUINTO DN|763.0|1
"0774"|"785510"|SERVIÇO DE SINALIZAÇÃO NÁUTICA DO SUL|SSN-5|SINSUL|RS|QUINTO DN|760.0|1
"0776"|"789322"|DELEGACIA FLUVIAL DE GUAIRA|DELGUAIRA|DLGUAI|PR|OITAVO DN|761.0|1
"1033"|"751215"|NAVIO POLAR ALMIRANTE MAXIMIANO|NPOALTEMAXIMIANO|NPOMAX|RJ|PRIMEIRO DN|269.0|1
"1032"|"786111"|NAVIO DE ASSISTÊNCIA HOSPITALAR TENENTE MAXIMIANO|NASHTENMAXIMIANO|NASHTM|MS|SEXTO DN|792.0|1
"1034"|"788701"|POLICLÍNICA NAVAL DE MANAUS|PNMA|PCLMAN|AM|NONO DN|1011.0|1
"1035"|"765710"|CENTRO DE MEDICINA OPERATIVA DA MARINHA|CMOPM|CEMOPM|RJ|PRIMEIRO DN|508.0|1
"1042"|"791661"|NAVIO DE DESEMBARQUE DE CARROS DE COMBATE ALMIRANTE SABOIA|NDCCALTESABOIA|NDCCSB|RJ|PRIMEIRO DN|198.0|1
"1047"|"784312"|CAPITANIA DOS PORTOS DO AMAPÁ|CPAP|CPSTNA|AP|QUARTO DN|720.0|1
"1045"|"781148"|NAVIO PATRULHA MACAÉ|NPAMACAE|NPACAE|RJ|PRIMEIRO DN|1020.0|1
"1051"|"743003"|GRUPO DE FISCALIZAÇÃO E RECEBIMENTO DE HELICOPTERO MULTI-EMPREGO (HME)|GRFHME|GFRHME||EXTERIOR|501.0|1
"1056"|"744021"|CENTRO DE MANUTENÇÃO DE SISTEMAS DA MARINHA|CMS|SISTEM|RJ|PRIMEIRO DN|1170.0|1
"1069"|"784810"|CENTRO DE INTENDÊNCIA DA MARINHA EM BELÉM|CEIMBE|CITBEL|PA|QUARTO DN|720.0|1
"1078"|"780010"|COMANDO DA FORÇA-TAREFA MARÍTIMA (FTM) UNIFIL|COMFTMUNIFIL|FTMLIB||EXTERIOR|630.0|1
"1096"|"731040"|CENTRO TECNOLÓGICO DO CFN|CTECCFN|CTECFN|RJ|PRIMEIRO DN|282.0|1
"1027"|"771290"|DEPÓSITO DE MATERIAL DE SAÚDE DA MARINHA NO RIO DE JANEIRO|DEPMSMRJ|DPSAUD|RJ|PRIMEIRO DN|1339.0|1
"1053"|"744002"|FABRICA ALTE JURANDYR DA COSTA MULLER DE CAMPOS|FAJCMC||RJ|PRIMEIRO DN|145.0|1
"9990"|"799990"|PROSUB|PROSUB||RJ|PRIMEIRO DN||1
"9993"|"799993"|PRM|PRM||RJ|PRIMEIRO DN||1
"9994"|"799994"|SEGUNDA ESQUADRA|"2ESQ/2FFE"||RJ|PRIMEIRO DN||1
"0989"|"700989"|ESCOLA VIRTUAL|ESCOLA VIRTUAL||RJ|PRIMEIRO DN||1
"0993"|"702120"|ACADEMIA DE GUERRA NAVAL DO EQUADOR (SUBOM EMA)|ACDEQUADOR|AGNEQU||EXTERIOR||1
"0996"|"702200"|ESCOLA DAS AMÉRICAS DO EXÉRCITO DOS EUA - SUBOM CGCFN|ESCAMEEXUSA|||EXTERIOR||1
"0998"|"700998"|ORGANIZAÇÕES EXTRA-MARINHA|EXTRA-MARINHA||RJ|PRIMEIRO DN||1
"0882"|"701009"|ADIDO NAVAL NO PARAGUAI|ADINAVPARAGUAI|ADNPRG||EXTERIOR|836.0|1
"1014"|"701051"|ADIDO DE DEFESA, NAVAL, DO EXÉRCITO E AERONÁUTICO EM MOÇAMBIQUE|ADIDEFNAVEXAERMOC|ADFMBQ||EXTERIOR|836.0|1
"1024"|"749000"|DIRETORIA DE COMUNICAÇÕES E TECNOLOGIA DA INFORMAÇÃO DA MARINHA|DCTIM|COMTIM|RJ|PRIMEIRO DN|506.0|1
"1000"|"702720"|GRUPO DE SEGURANÇA DA EMBAIXADA DO BRASIL NA ARGÉLIA|GRSEGEMBBRARGEL|||EXTERIOR||1
"1003"|"702520"|INTERCAMBIO COM A USMC (CAROLINA DO NORTE)|INTERCUSMC|||EXTERIOR||1
"1004"|"702300"|INTERCAMBIO DOS FUZILEIROS NAVAIS COM A ARMADA ARGENTINA|INTERCFNARGENTI|||EXTERIOR||1
"1005"|"702820"|GRUPO DE SEGURANÇA DA EMBAIXADA DO BRASIL EM ASSUNÇÃO|GRSEGEMBBRASSUN|||EXTERIOR|836.0|1
"1006"|"702110"|INTERCAMBIO DOS FUZILEIROS NAVAIS COM A ARMADA DO PARAGUAI|INTERCFNPARAGUA|||EXTERIOR||1
"0359"|"788330"|CAPITANIA FLUVIAL DE TABATINGA|CFT|CFINGA|AM|NONO DN|1011.0|1
"1025"|"749001"|CENTRO DE TECNOLOGIA DA INFORMAÇÃO DA MARINHA|CTIM|CETINF|RJ|PRIMEIRO DN|1024.0|1
"0366"|"700366"|MINISTÉRIO DA JUSTIÇA-COMISSÃO DE ANISTIA|MNJUSTCOMANIST||RJ|PRIMEIRO DN|626.0|1
"0431"|"702010"|GABINETE DE SEGURANÇA INSTITUCIONAL DA PRESIDÊNCIA DA REPÚBLICA - ASSESSORIA DE MARINHA|GSIPR-ASSMAR|SCHREP|DF|SÉTIMO DN|626.0|1
"0369"|"795106"|BATALHÃO DE COMANDO E CONTROLE|BTLCMDOCT|BTLCMC|RJ|PRIMEIRO DN|513.0|1
"0370"|"795104"|BATALHÃO DE BLINDADOS DE FUZILEIROS NAVAIS|BTLBLDFUZNAV|BATBLI|RJ|PRIMEIRO DN|513.0|1
"1144"|"701032"|ADIDÂNCIA NAVAL NO EQUADOR|ADINAVEQUADOR|ADNEQU||EXTERIOR|836.0|1
"1002"|"702420"|COMANDO-EM-CHEFE DA ESQUADRA DOS EUA NO ATLÂNTICO|CINCLANTFLEET|||EXTERIOR||1
"1007"|"791534"|SUBMARINO TIKUNA|STIKUNA|SBKUNA|RJ|PRIMEIRO DN|34.0|1
"1009"|"702400"|DELEGAÇÃO PERMANENTE DO BRASIL JUNTO À CONFERÊNCIA DO DESARMAMENTO EM GENEBRA|DPBGENEBRA|||EXTERIOR|836.0|1
"1011"|"788000"|COMANDO DO 9º DISTRITO NAVAL|COM9DN|NOVDIS|AM|NONO DN|630.0|1
"1012"|"784124"|NAVIO AUXILIAR PARÁ|NAPARA|NAPARA|PA|QUARTO DN|1022.0|1
"1023"|"782600"|COMANDO DO GRUPAMENTO DE PATRULHA NAVAL DO LESTE|COMGPTPATNAVL|GPNEST|BA|SEGUNDO DN|640.0|1
"0432"|"795600"|COMANDO DA TROPA DE DESEMBARQUE|CMDOTRDBQ|TRPDBQ|RJ|PRIMEIRO DN|606.0|1
"9998"|"799998"|OM FICTÍCIA DE NAVAL|OMNAVAL|OMNAVAL|RJ|PRIMEIRO DN||1
"1001"|"702620"|ACADEMIA NAVAL DE ANNAPOLIS|ACDNAVANAPOLIS|||EXTERIOR||1
"1015"|"701052"|ADIDO DE DEFESA, NAVAL, DO EXÉRCITO E AERONÁUTICO NA NAMÍBIA|ADIDEFNAVEXAERNAMIBIA|ADFNAM||EXTERIOR|836.0|1
"1019"|"785100"|COMANDO DO GRUPAMENTO DE PATRULHA NAVAL DO SUL|COMGPTPATNAVS|GPNSUL|RS|QUINTO DN|760.0|1
"1020"|"781100"|COMANDO DO GRUPAMENTO DE PATRULHA NAVAL DO SUDESTE|COMGPTPATNAVSE|GPNSTE|RJ|PRIMEIRO DN|570.0|1
"1021"|"783100"|COMANDO DO GRUPAMENTO DE PATRULHA NAVAL DO NORDESTE|COMGPTPATNAVNE|GPNDES|RN|TERCEIRO DN|680.0|1
"1022"|"784110"|COMANDO DO GRUPAMENTO DE PATRULHA NAVAL DO NORTE|COMGPTPATNAVN|GPNORT|PA|QUARTO DN|720.0|1
"1018"|"751202"|NAVIO HIDROCEANOGRÁFICO CRUZEIRO DO SUL|NHOCSUL|NHOCRS|RJ|PRIMEIRO DN|269.0|1
"1038"|"701053"|ADIDÂNCIA DE DEFESA, NAVAL, DO EXÉRCITO E AERONÁUTICA NA ÍNDIA|ADIDEFNAVEXAERINDIA|ADFIND||EXTERIOR|836.0|1
"1050"|"743001"|GRUPO DE FISCALIZAÇÃO E RECEBIMENTO DAS AERONAVES AF-1/1A|GFRAER-AF1/1A|GFRANV|RJ|PRIMEIRO DN|501.0|1
"1059"|"711101"|CENTRO DE COMUNICAÇÃO SOCIAL DA MARINHA - RIO|CCSM-RIO|CCSMRJ|RJ|PRIMEIRO DN|523.0|1
"1065"|"788134"|NAVIO DE ASSISTÊNCIA HOSPITALAR SOARES DE MEIRELLES|NASHSMEIRELLES|NASHSM|AM|NONO DN|721.0|1
"1071"|"788820"|CENTRO DE INTENDÊNCIA DA MARINHA EM MANAUS|CEIMMA|CITMAN|AM|NONO DN|1011.0|1
"1072"|"783810"|CENTRO DE INTENDÊNCIA DA MARINHA EM NATAL|CEIMNA|CITNAT|RN|TERCEIRO DN|680.0|1
"1008"|"702060"|REPRESENTAÇÃO BRASILEIRA NA JUNTA INTERAMERICANA DE DEFESA - DELEGAÇÃO MARINHA|RBJID|DELJID||EXTERIOR|836.0|1
"1081"|"784515"|AVISO HIDROCEANOGRÁFICO FLUVIAL RIO TOCANTINS|AVHOFLURIOTOCANTINS|AVHOTO|PA|QUARTO DN|1174.0|1
"1082"|"784516"|AVISO HIDROCEANOGRÁFICO FLUVIAL RIO XINGU|AVHOFLURIOXINGU|AVHOXI|PA|QUARTO DN|1174.0|1
"1085"|"787320"|CAPITANIA FLUVIAL DE BRASÍLIA|CFB|CPFBRA|DF|SÉTIMO DN|830.0|1
"1086"|"784311"|CAPITANIA FLUVIAL DE SANTAREM|CFS|CFAREM|PA|QUARTO DN|720.0|1
"1095"|"743004"|GRUPO DE FISCALIZAÇÃO E RECEBIMENTO DAS AERONAVES COD/AAR|GFRCOD|GFRCOD||EXTERIOR|506.0|1
"1093"|"772000"|DIRETORIA DE GESTÃO ORÇAMENTÁRIA DA MARINHA|DGOM|DIRGOM|RJ|PRIMEIRO DN|837.0|1
"1102"|"783323"|AGÊNCIA DA CAPITANIA DOS PORTOS EM ARACATI|AGARACATI|AGCATI|CE|TERCEIRO DN|691.0|1
"1028"|"779000"|DIRETORIA DE PATRIMÔNIO HISTÓRICO E DOCUMENTAÇÃO DA MARINHA|DPHDM|DPHDOC|RJ|PRIMEIRO DN|837.0|1
"1039"|"740002"|COORDENADORIA-GERAL DO PROGRAMA DE DESENVOLVIMENTO DE SUBMARINO COM PROPULSÃO NUCLEAR|COGESN|CGPSPN|RJ|PRIMEIRO DN|1168.0|1
"1041"|"712001"|ESANTAR-RIO SECIRM-25 SUBOM SECIRM|ESANTAR-RIO||RJ|PRIMEIRO DN|70.0|1
"1046"|"740003"|ESCRITÓRIO TÉCNICO DO PROGRAMA DE DESENVOLVIMENTO DE SUBMARINOS NA FRANÇA |ET-PROSUB|PROSUB||EXTERIOR|506.0|1
"1052"|"795350"|UNIDADE MÉDICA EXPEDICIONÁRIA DA MARINHA|UMEM|UMEXMB|RJ|PRIMEIRO DN|588.0|1
"1061"|"751204"|NAVIO HIDROCEANOGRÁFICO FAROLEIRO ALTE GRAÇA ARANHA|NHOFALTEGARANHA|NFGRAR|RJ|PRIMEIRO DN|269.0|1
"1064"|"733100"|CENTRO DE AVALIAÇÃO DA ILHA DA MARAMBAIA|CADIM|CAMBAI|RJ|PRIMEIRO DN|1165.0|1
"1066"|"783171"|NAVIO PATRULHA MACAU|NPAMACAU|NPACAU|RN|TERCEIRO DN|1021.0|1
"1067"|"765708"|POLICLÍNICA NAVAL DE NITERÓI|PNN|PCLNIT|RJ|PRIMEIRO DN|286.0|1
"1070"|"786810"|CENTRO DE INTENDÊNCIA DA MARINHA EM LADÁRIO|CEIMLA|CITLAD|MS|SEXTO DN|790.0|1
"1073"|"785810"|CENTRO DE INTENDÊNCIA DA MARINHA EM RIO GRANDE|CEIMRG|CITRGD|RS|QUINTO DN|760.0|1
"1074"|"791181"|CENTRO DE INTENDÊNCIA DA MARINHA EM SÃO PEDRO DA ALDEIA|CEIMSPA|CITSPA|RJ|PRIMEIRO DN|558.0|1
"1075"|"782802"|CENTRO DE INTENDÊNCIA DA MARINHA EM SALVADOR|CEIMSA|CITSAL|BA|SEGUNDO DN|640.0|1
"1088"|"765709"|POLICLÍNICA NAVAL DE CAMPO GRANDE|PNCG|PCLNCG|RJ|PRIMEIRO DN|286.0|1
"1117"|"701054"|ADIDÂNCIA DE DEFESA, NAVAL, DO EXERCITO E AERONÁUTICO NA TURQUIA E NA UCRÂNIA|ADIDEFNAVEXAERTURUCRANIA|ADFTRQ||EXTERIOR|836.0|1
"1120"|"788512"|AVISO HIDROCEANOGRÁFICO FLUVIAL RIO SOLIMÕES|AVHOFLURIOSOLIMOES|AVHOSL|AM|NONO DN|1242.0|1
"1128"|"701055"|ADIDÂNCIA DE DEFESA, NAVAL, DO EXÉRCITO E AERONÁUTICO EM CABO VERDE|ADIDEFNAVEXAERCABOVERDE|ADFCBV||EXTERIOR|836.0|1
"1154"|"743005"|GRUPO DE FISCALIZAÇÃO E RECEBIMENTO DAS AERONAVES LYNX|GFRLYNX|GFRLYX||EXTERIOR|501.0|1
"1107"|"714002"|NÚCLEO DE INTELIGÊNCIA DA MARINHA EM SÃO PAULO|CIM-NUCLINT||SP|OITAVO DN|841.0|1
"1112"|"782314"|DELEGACIA DA CAPITANIA DOS PORTOS EM PORTO SEGURO|DELPSEGURO|DLSEGU|BA|SEGUNDO DN|643.0|1
"1124"|"710300"|AMAZÔNIA AZUL TECNOLOGIAS DE DEFESA S.A - AMAZUL|AMAZUL|AMAZUL|SP|OITAVO DN|299.0|1
"1151"|"751210"|NAVIO DE PESQUISA HIDROCEANOGRÁFICO VITAL DE OLIVEIRA|NPQHO VITAL DE OLIVEIRA|NPQHVO|RJ|PRIMEIRO DN|269.0|1
"1127"|"740005"|DIRETORIA DE GESTÃO DE PROGRAMAS DA MARINHA|DGEPM|DGEPEM|RJ|PRIMEIRO DN|506.0|1
"1163"|"785121"|POLICLÍNICA NAVAL DE RIO GRANDE|PNRG|PCLNRG|RS|QUINTO DN|760.0|1
"1209"|"788321"|AGÊNCIA FLUVIAL DE CARACARAÍ|AGCARACARAÍ|AGCRAI|RR|NONO DN|725.0|1
"1123"|"788513"|AVISO HIDROCEANOGRÁFICO FLUVIAL RIO NEGRO|AVHOFLURIONEGRO|AVHONE|AM|NONO DN|1242.0|1
"1125"|"772100"|CENTRO DE INSTRUÇÃO E ADESTRAMENTO ALMIRANTE NEWTON BRAGA|CIANB|CIANBR|RJ|PRIMEIRO DN|624.0|1
"1133"|"701057"|ADIDÂNCIA DE DEFESA NAVAL, EXÉRCITO E AERONÁUTICA NO LÍBANO|ADIDEFNAVEXAERLÍBANO|ADFLBN||EXTERIOR|836.0|1
"1134"|"701059"|ADIDÂNCIA DE DEFESA, NAVAL, DO EXÉRCITO E AERONÁUTICO NO SENEGAL, EM BENIN E NO TOGO|ADIDEFNAVEXAERSENEGALBENINTOGO|ADFSBT||EXTERIOR|836.0|1
"1135"|"701060"|ADIDÂNCIA DE DEFESA, NAVAL, DO EXÉRCITO E AERONÁUTICO NA CORÉIA DO SUL|ADIDEFNAVEXAERCORÉIA|ADFCSL||EXTERIOR|836.0|1
"1140"|"786112"|NAVIO DE TRANSPORTE FLUVIAL ALMIRANTE LEVERGER|NTRFLU ALMIRANTE LEVERGER|NTFLEV|MS|SEXTO DN|792.0|1
"1162"|"791670"|NAVIO DOCA MULTIPROPÓSITO BAHIA|NDMBAHIA|NDMPBA|RJ|PRIMEIRO DN|198.0|1
"1164"|"711501"|CENTRO DE CONTROLE INTERNO DA MARINHA - BSB|CCIMAR-BSB|CCINTM|DF|SÉTIMO DN|298.0|1
"1167"|"720303"|DIRETORIA-GERAL DE DESENVOLVIMENTO NUCLEAR E TECNOLÓGICO DA MARINHA-BSB|DGDNTM-BSB|DRGNUC|DF|SÉTIMO DN|1168.0|1
"1114"|"781362"|AGÊNCIA DA CAPITANIA DOS PORTOS EM SÃO JOÃO DA BARRA|AGSJBARRA|AGSJBA|RJ|PRIMEIRO DN|1229.0|1
"1110"|"781153"|NAVIO PATRULHA OCEÂNICO APA|NPAOCAPA|NPOCAP|RJ|PRIMEIRO DN|1020.0|1
"1139"|"786511"|AVISO HIDROCEANOGRÁFICO FLUVIAL CARAVELAS|AVHOFLUCARAVELAS|AVHOCV|MS|SEXTO DN|1243.0|1
"1141"|"742001"|BATALHÃO DE DEFESA NUCLEAR, BIOLÓGICA, QUÍMICA E RADIOLÓGICA DE ARAMAR|BTLDEFNBQR-ARAMAR|BTNBQR|SP|OITAVO DN|752.0|1
"1143"|"701050"|ADIDO DE DEFESA, NAVAL, DO EXÉRCITO E AERONÁUTICO NA NIGÉRIA E EM GANA|ADIDEFNAVEXAERNIGGANA|ADFNIG||EXTERIOR|836.0|1
"1159"|"701007"|ADIDÂNCIA DE DEFESA E NAVAL NA INGLATERRA E NORUEGA|ADIDEFNAVINGNOR|ADNIGN||EXTERIOR|836.0|1
"1160"|"701061"|ADIDÂNCIA DE DEFESA, NAVAL, EXÉRCITO E AERONÁUTICA NA SUÉCIA|ADIDEFNAVEXAERSUECIA|ADNSUE||EXTERIOR|836.0|1
"1168"|"720300"|DIRETORIA-GERAL DE DESENVOLVIMENTO NUCLEAR E TECNOLÓGICO DA MARINHA-RIO|DGDNTM-RIO|DRGNUC|RJ|PRIMEIRO DN|298.0|1
"1172"|"742020"|DIRETORIA DE DESENVOLVIMENTO NUCLEAR DA MARINHA|DDNM|DDNUCM|SP|OITAVO DN|752.0|1
"1171"|"742030"|CENTRO INDUSTRIAL NUCLEAR DE ARAMAR|CINA|ARAMAR|SP|OITAVO DN|752.0|1
"1174"|"784510"|CENTRO DE HIDROGRAFIA E NAVEGAÇÃO DO NORTE|CHN-4|CHNNOR|PA|QUARTO DN|720.0|1
"1183"|"702100"|CENTRO DE APOIO A SISTEMAS LOGÍSTICOS DE DEFESA |CASLODE|CASLOD|RJ|PRIMEIRO DN|313.0|1
"1205"|"784126"|NAVIO DE APOIO OCEÂNICO IGUATEMI|NAPOCIGUATEMI|NAOEMI|PA|QUARTO DN|1022.0|1
"1166"|"791671"|EMBARCAÇÃO DE DESEMBARQUE DE CARGA GERAL MARAMBAIA|EDCGMARAMBAIA|EDCGMR|RJ|PRIMEIRO DN|198.0|1
"1175"|"764200"|SERVIÇO DE VETERANOS E PENSIONISTAS DA MARINHA|SVPM|SVCVPM|RJ|PRIMEIRO DN|1319.0|1
"1187"|"751500"|CENTRO DE AUXÍLIOS À NAVEGAÇÃO ALMIRANTE MORAES REGO|CAMR|CSNAMR|RJ|PRIMEIRO DN|505.0|1
"1194"|"720312"|GRUPO DE RECEBIMENTO DO SUBMARINO TONELERO|GRSTONELERO|GRSTNL|RJ|PRIMEIRO DN|1168.0|1
"1113"|"711500"|CENTRO DE CONTROLE INTERNO DA MARINHA|CCIMAR|CCINTM|RJ|PRIMEIRO DN|299.0|1
"1145"|"701044"|ADIDO DE DEFESA, NAVAL E DO EXÉRCITO EM ISRAEL|ADIDEFNAVEXISRAEL|ADFAEL||EXTERIOR|836.0|1
"1149"|"788511"|NAVIO HIDROCEANOGRÁFICO FLUVIAL RIO BRANCO|NHOFLURIOBRANCO|NHFRBR|AM|NONO DN|1242.0|1
"1152"|"785350"|CAPITANIA FLUVIAL DE PORTO ALEGRE|CFPA|CFALEG|RS|QUINTO DN|760.0|1
"1161"|"791012"|UNIDADE MÉDICA DA ESQUADRA|UMESQ|UNMESQ|RJ|PRIMEIRO DN|593.0|1
"1173"|"720307"|CENTRO TECNOLÓGICO DA MARINHA NO RIO DE JANEIRO - ARRAIAL|CTMRJ-ARRAIAL|CTEMRJ|RJ|PRIMEIRO DN|1169.0|1
"1202"|"791516"|NÚCLEO DE ATIVAÇÃO DA MISSÃO DE ASSESSORIA NAVAL|MAN-NAMÍBIA|MANNAM|RJ|PRIMEIRO DN|626.0|1
"1105"|"781152"|NAVIO-PATRULHA OCEÂNICO AMAZONAS|NPAOCAMAZONAS|NPOCAM|RJ|PRIMEIRO DN|1020.0|1
"1116"|"788311"|AGENCIA FLUVIAL DE CRUZEIRO DO SUL|AGCSUL|AGFCRS|AC|NONO DN|1233.0|1
"1121"|"783103"|NAVIO PATRULHA OCEÂNICO ARAGUARI|NPAOCARAGUARI|NPOCAR|RN|TERCEIRO DN|1021.0|1
"1130"|"740006"|DIRETORIA DE GESTÃO DE PROGRAMAS DA MARINHA-BSB|DGEPM-BSB|DGEPEM|DF|SÉTIMO DN|506.0|1
"1169"|"720305"|CENTRO TECNOLÓGICO DA MARINHA NO RIO DE JANEIRO|CTMRJ|CTEMRJ|RJ|PRIMEIRO DN|1168.0|1
"1170"|"740030"|DIRETORIA INDUSTRIAL DA MARINHA|DIM|INDUST|RJ|PRIMEIRO DN|506.0|1
"1177"|"781361"|DELEGACIA DA CAPITANIA DOS PORTOS EM CABO FRIO|DELCFRIO|DLCABO|RJ|PRIMEIRO DN|1229.0|1
"1204"|"785120"|NAVIO DE APOIO OCEÂNICO MEARIM|NAPOCMEARIM|NAORIM|RS|QUINTO DN|1019.0|1
"1206"|"781123"|NAVIO DE APOIO OCEÂNICO PURUS|NAPOCPURUS|NAORUS|RJ|PRIMEIRO DN|1020.0|1
"1210"|"789101"|COMANDO DO GRUPAMENTO DE PATRULHA NAVAL SUL-SUDESTE|COMGPTPATNAVSSE|GPNSSE|SP|OITAVO DN|210.0|1
"1211"|"751206"|AVISO DE PESQUISA HIDROCEANOGRÁFICO ASPIRANTE MOURA|AVPQHOASPMOURA|AVPHAM|RJ|PRIMEIRO DN|269.0|1
"1214"|"765721"|ESCOLA DE SAÚDE DA MARINHA|ESM|ESCSAU|RJ|PRIMEIRO DN|53.0|1
"1215"|"781312"|CAPITANIA FLUVIAL DE MINAS GERAIS|CFMG|CFBELZ|MG|PRIMEIRO DN|570.0|1
"1221"|"788010"|"1ºESQUADRÃO DE HELICÓPTEROS DE EMPREGO GERAL DO NOROESTE"|ESQDHU-91|HEPNRE|AM|NONO DN|1011.0|1
"1222"|"786010"|"1ºESQUADRÃO DE HELICÓPTEROS DE EMPREGO GERAL DO OESTE"|ESQDHU-61|HEPOET|MS|SEXTO DN|790.0|1
"1223"|"785900"|"1ºESQUADRÃO DE HELICÓPTEROS DE EMPREGO GERAL DO SUL"|ESQDHU-51|HEPSUL|RS|QUINTO DN|760.0|1
"1224"|"771201"|CENTRO DE DISTRIBUIÇÃO DE UNIFORMES DO 1º DN|CDU-1ºDN|CDUPRI|RJ|PRIMEIRO DN|569.0|1
"1230"|"751110"|CENTRO DE INSTRUÇÃO E ADESTRAMENTO ALMIRANTE RADLER DE AQUINO|CIAARA|CIAARA|RJ|PRIMEIRO DN|505.0|1
"1233"|"788340"|CAPITANIA FLUVIAL DE PORTO VELHO|CFPV|CFPVEL|RO|NONO DN|1011.0|1
"1236"|"785511"|"NAVIO HIDROGRÁFICO BALIZADOR ""COMANDANTE VARELLA"""|NHIBCOMTEVARELLA|NBVELA|RS|QUINTO DN|774.0|1
"1237"|"784514"|"NAVIO HIDROGRÁFICO BALIZADOR ""TENENTE CASTELO"""|NHIBTENCASTELO|NBTELO|PA|QUARTO DN|1174.0|1
"1240"|"791170"|GRUPO AÉREO NAVAL DE MANUTENÇÃO|GAERNAVMAN|GANMNT|RJ|PRIMEIRO DN|558.0|1
"1242"|"788510"|CENTRO DE HIDROGRAFIA E NAVEGAÇÃO DO NOROESTE|CHN-9|CHNNRE|AM|NONO DN|1011.0|1
"1243"|"786510"|CENTRO DE HIDROGRAFIA E NAVEGAÇÃO DO OESTE|CHN-6|CHNOET|MS|SEXTO DN|790.0|1
"1244"|"780021"|CENTRO DE GUERRA ACÚSTICA E ELETRÔNICA DA MARINHA|CGAEM|CEGAEM|RJ|PRIMEIRO DN|1226.0|1
"1249"|"786200"|"3º BATALHÃO DE OPERAÇÕES RIBEIRINHAS"|"3ºBTLOPRIB"|TERRIB|MS|SEXTO DN|790.0|1
"1252"|"701062"|ADIDÂNCIA DE DEFESA, NAVAL, DO EXÉRCITO E AERONÁUTICA NA AUSTRÁLIA E NO TIMOR LESTE|ADIDEFNAVEXAEAUSTIMORLESTE|ADFAUS||EXTERIOR|836.0|1
"1253"|"781314"|DELEGACIA FLUVIA DE FURNAS|DELFURNAS|DLFURN|MG|PRIMEIRO DN|1215.0|1
"1254"|"789510"|SERVIÇO DE SINALIZAÇÃO NÁUTICA DO SUL-SUDESTE|SSN-8|SINSSE|PR|OITAVO DN|210.0|1
"1258"|"787900"|CENTRO DE INSTRUÇÃO E ADESTRAMENTO DE BRASÍLIA ALMIRANTE DOMINGOS DE MATTOS CORTEZ|CIAB|CIABDF|DF|SÉTIMO DN|830.0|1
"1259"|"701046"|ADIDÂNCIA DE DEFESA, NAVAL, DO EXÉRCITO E AERONÁUTICA NO JAPÃO|ADIDEFNAVEXAERJAP|ADFJAP||EXTERIOR|836.0|1
"1266"|"740014"|CENTRO LOGÍSTICO DO MATERIAL DA MARINHA|CLOGMAT|LOGMAT|RJ|PRIMEIRO DN|509.0|1
"1267"|"791540"|BASE DE SUBMARINOS DA ILHA DA MADEIRA|BSIM|BASNUC|RJ|PRIMEIRO DN|34.0|1
"1268"|"714100"|ESCOLA DE INTELIGÊNCIA DA MARINHA|ESIMAR|ESCOIN|RJ|PRIMEIRO DN|841.0|1
"1269"|"791591"|CENTRO DE INSTRUÇÃO E ADESTRAMENTO ALMIRANTE ÀTTILA MONTEIRO ACHÉ - ITAGUAÍ|CIAMA-ITAGUAI|CIASUB|RJ|PRIMEIRO DN|34.0|1
"1270"|"710201"|EMPRESA GERENCIAL DE PROJETOS NAVAIS EM ITAJAÍ|EMGEPRON-ITAJAÍ|EGPRON|SC|QUINTO DN|299.0|1
"1273"|"701005"|ADIDÂNCIA NAVAL NOS ESTADOS UNIDOS DA AMERICA|ADINAVEUA|ADNEUA||EXTERIOR|836.0|1
"1212"|"771202"|CENTRO DE DISTRIBUIÇÃO DE UNIFORMES DA BAMRJ|CDU-BAMRJ|CDUBAM|RJ|PRIMEIRO DN|569.0|1
"1219"|"784315"|AGÊNCIA DA CAPITANIA DOS PORTOS NO OIAPOQUE - AP |AGOIAPOQUE|AGOQUE|AP|QUARTO DN|1047.0|1
"1228"|"781313"|DELEGACIA FLUVIAL DE PIRAPORA|DELPIRAPORA|DLPIRA|MG|PRIMEIRO DN|1215.0|1
"1226"|"780020"|COMANDO NAVAL DE OPERAÇÕES ESPECIAIS |CONAVOPESP|NAVESP|RJ|PRIMEIRO DN|630.0|1
"1227"|"789011"|GRUPO DE ACOMPANHAMENTO E CONTROLE NA HELIBRAS|GAC-HB|GACHLB|MG|OITAVO DN|501.0|1
"1229"|"781360"|CAPITANIA DOS PORTOS DE MACAÉ|CPM|CPMCAE|RJ|PRIMEIRO DN|570.0|1
"1232"|"784010"|"1º ESQUADRÃO DE HELICÓPTEROS DE EMPREGO GERAL DO NORTE"|ESQDHU-41|HEPNOR|PA|QUARTO DN|720.0|1
"1238"|"783511"|"NAVIO HIDROGRÁFICO BALIZADOR ""COMANDANTE MANHÃES"""|NHIBCOMTEMANHAES|NBHAES|RN|TERCEIRO DN|688.0|1
"1239"|"782512"|"NAVIO HIDROGRÁFICO BALIZADOR ""TENENTE BOANERGES"""|NHIBTENBOANERGES|NBBOAN|BA|SEGUNDO DN|655.0|1
"1245"|"731060"|CENTRO DE INTENDÊNCIA DA MARINHA EM PARADA DE LUCAS|CEIMPL|CITMPL|RJ|PRIMEIRO DN|282.0|1
"1251"|"791010"|CENTRO DE INTENDÊNCIA DA MARINHA EM NITERÓI|CEIMNI|CITNIT|RJ|PRIMEIRO DN|593.0|1
"1255"|"782340"|CAPITANIA FLUVIAL DE JUAZEIRO|CFJ|CFJUAZ|BA|SEGUNDO DN|640.0|1
"1256"|"791515"|NAVIO DE SOCORRO SUBMARINO GUILLOBEL|NSS GUILLOBEL|NSSBEL|RJ|PRIMEIRO DN|34.0|1
"1261"|"788341"|AGÊNCIA FLUVIAL DE GUAJARÁ-MIRIM|AGGMIRIM|AGIRIM|AM|NONO DN|1233.0|1
"1262"|"788342"|AGÊNCIA FLUVIAL DE HUMAITÁ|AGHUMAITA|AGHMTA|AM|NONO DN|1233.0|1
"1263"|"788343"|AGÊNCIA FLUVIAL DE BOCA DO ACRE|AGBACRE|AGACRE|AM|NONO DN|1233.0|1
"1264"|"702020"|ASSISTÊNCIA MILITAR DA MARINHA NA ESCOLA SUPERIOR DE GUERRA - RIO DE JANEIRO|ASMESG-RJ|ASESPG|RJ|PRIMEIRO DN|532.0|1
"1271"|"742050"|CENTRO DE INTENDÊNCIA TECNOLÓGICO DA MARINHA EM SÃO PAULO|CEITMSP|CITMSP|SP|OITAVO DN|752.0|1
"1274"|"701064"|ADIDÂNCIA DE DEFESA, NAVAL, DO EXERCITO E AERONAUTICA NO CANADA|ADIDEFNAVEXAERCANADA|ADFCAN||EXTERIOR|836.0|1
"1276"|"791609"|NAVIO-AERÓDROMO MULTIPROPÓSITO ATLÂNTICO|NAM ATLANTICO|NAMATL|RJ|PRIMEIRO DN|191.0|1
"1277"|"740018"|COORDENADORIA-GERAL DO PROGRAMA DE DESENVOLVIMENTO DE SUBMARINOS COM PROPULSÃO NUCLEAR-ITAGUAÍ|COGESN-ITAGUAÍ|CGPSPN|RJ|PRIMEIRO DN|1168.0|1
"1278"|"743006"|GRUPO DE FISCALIZAÇÃO E RECEBIMENTO DO SISTEMA DE AERONAVES REMOTAMENTE PILOTADAS EMBARCADO|GFRARP|GFRARP||EXTERIOR|501.0|1
"1279"|"740031"|ESCOLA TÉCNICA DO ARSENAL DE MARINHA|ETAM|ETAMRJ|RJ|PRIMEIRO DN|1170.0|1
"1280"|"740015"|BASE NAVAL DA ILHA DAS COBRAS|BNIC|BNAVIC|RJ|PRIMEIRO DN|506.0|1
"1281"|"787330"|CAPITANIA FLUVIAL DE GOIÁS|CFGO|CFGOIA|GO|SÉTIMO DN|830.0|1
"1282"|"795700"|BATALHÃO DE COMBATE AÉREO|BTLCMBAE|COMBAE|RJ|PRIMEIRO DN|606.0|1
"1283"|"786320"|CAPITANIA FLUVIAL DE MATO GROSSO|CFMT|CFCUIA|MT|SEXTO DN|790.0|1
"1284"|"786321"|AGÊNCIA FLUVIAL DE CÁCERES|AGCACERES|AGCACE|MT|SEXTO DN|1283.0|1
"1285"|"786322"|AGÊNCIA FLUVIAL DE SÃO FÉLIX DO ARAGUAIA|AGSFARAGUAIA|AGELIX|MT|SEXTO DN|1283.0|1
"1292"|"701058"|ADIDÂNCIA DE DEFESA, NAVAL E AERONÁUTICA NA INDONÉSIA, NA TAILÂNDIA E NO VIETNÃ|ADIDEFNAVAERINDTAIVIETNA|ADNIND||EXTERIOR|836.0|1
"1293"|"720311"|CENTRO TECNOLÓGICO DA MARINHA NO RIO DE JANEIRO - LAMP|CTMRJ-LAMP|CTEMRJ|SP|OITAVO DN|1169.0|1
"1301"|"786106"|GRUPO DE EMBARCAÇÕES DE OPERAÇÕES RIBEIRINHAS DO MATO GROSSO|GREOPRIBMT|GEORMT|MS|SEXTO DN|792.0|1
"1307"|"744022"|CENTRO DE MANUTENÇÃO DE SISTEMAS DA MARINHA - SUPERINTENDÊNCIA DE SISTEMA EM ITAGUAÍ|CMS-ITAGUAÍ|SISTEM|RJ|PRIMEIRO DN|1170.0|1
"1291"|"791512"|COMANDO DA FORÇA DE SUBMARINOS EM NITERÓI|COMFORS-NITERÓI|FORSUB|RJ|PRIMEIRO DN|593.0|1
"1308"|"702021"|ASSISTÊNCIA MILITAR DA MARINHA NA ESCOLA SUPERIOR DE DEFESA - BRASÍLIA|ASMESD-BSB|ASSESD|DF|SÉTIMO DN|532.0|1
"1295"|"791672"|EMBARCAÇÃO DE DESEMBARQUE DE CARGA GERAL GUARAPARI|EDCGGUARAPARI|EDCGUA|RJ|PRIMEIRO DN|198.0|1
"1296"|"791673"|EMBARCAÇÃO DE DESEMBARQUE DE CARGA GERAL TAMBAÚ|EDCGTAMBAU|EDCGTA|RJ|PRIMEIRO DN|198.0|1
"1297"|"791674"|EMBARCAÇÃO DE DESEMBARQUE DE CARGA GERAL CAMBORIÚ|EDCGCAMBORIU|EDCGIU|RJ|PRIMEIRO DN|198.0|1
"1298"|"791513"|AVISO DE APOIO COSTEIRO ALMIRANTE HESS|AVAPCOALTEHESS|AVHESS|RJ|PRIMEIRO DN|34.0|1
"1304"|"701063"|ADIDÂNCIA DE DEFESA, NAVAL, DO EXÉRCITO E AERONÁUTICA NOS EMIRADOS ÁRABES UNIDOS E NA ARÁBIA SAUDITA|ADIDEFNAVEXAEREAUARABIASAUDITA|ADFSAU||EXTERIOR|836.0|1
"1310"|"762413"|VELEIRO OCEÂNICO JOÃO DAS BOTAS|VOJBOTAS|VOJBOT|RJ|PRIMEIRO DN|525.0|1
"1288"|"795305"|BATALHÃO DE DEFESA NUCLEAR, BIOLÓGICA, QUÍMICA E RADIOLÓGICA|BTLDEFNBQR|BDNBQR|RJ|PRIMEIRO DN|588.0|1
"1302"|"784127"|GRUPO DE EMBARCAÇÕES DE OPERAÇÕES RIBEIRINHAS DO NORTE|GREOPRIBN|GEORNO|PA|QUARTO DN|1022.0|1
"1305"|"788135"|GRUPO DE EMBARCAÇÕES DE OPERAÇÕES RIBEIRINHAS DO AMAZONAS|GREOPRIBAM|GEORAM|AM|NONO DN|721.0|1
"1309"|"799000"|COMANDO DE OPERAÇÕES MARÍTIMAS E PROTEÇÃO DA AMAZÔNIA AZUL|COMPAAZ|COMPAZ|RJ|PRIMEIRO DN|630.0|1
"1336"|"791905"|CENTRO DE APOIO A SISTEMAS OPERATIVOS - ITAGUAÍ|CASOP-ITAGUAÍ|CASOPE|RJ|PRIMEIRO DN|306.0|1
"1348"|"771255"|DEPÓSITPO DE SOBRESSALENTES DA MARINHA NO RIO DE JANEIRO EM ITAGUAÍ |DEPSMRJ-ITAGUAÍ|DPSOBR|RJ|PRIMEIRO DN||1
"1315"|"742021"|DIRETORIA DE DESENVOLVIMENTO NUCLEAR DA MARINHA - ARAMAR|DDNM-ARAMAR|DDNUCM|SP|OITAVO DN|752.0|1
"1316"|"791105"|"1º ESQUADRÃO DE AERONAVES REMOTAMENTE PILOTADAS"|ESQDQE-1|ESQARP|RJ|PRIMEIRO DN|558.0|1
"1339"|"771600"|CENTRO DE SUPRIMENTOS DO ABASTECIMENTO|CSUPAB|CSUPAB|RJ|PRIMEIRO DN|4.0|1
"1341"|"789260"|GRUPAMENTO DE FUZILEIROS NAVAIS DE SANTOS|GPTFNSANTOS|GRFSTO|SP|OITAVO DN|210.0|1
"1346"|"780022"|NÚCLEO DE IMPLANTAÇÃO DO ESQUADRÃO DE GUERRA CIBERNÉTICA|NI-ESQDGCIBER|NIEQGC|RJ|PRIMEIRO DN||1
"1313"|"742010"|CENTRO TECNÓLOGICO DA MARINHA EM SÃO PAULO - CENTRO EXPERIMENTAL DE ARAMAR|CTMSP-CEA|CTEMSP|SP|OITAVO DN|1167.0|1
"1314"|"780011"|COMBINED TASK FORCE 151 (CTF-151)|CTF-151||RJ|EXTERIOR|630.0|1
"1320"|"764003"|DIRETORIA DO PESSOAL DA MARINHA - BRASÍLIA|DPM-BSB|DPMBSB|DF|SÉTIMO DN|532.0|1
"1321"|"791535"|SUBMARINO RIACHUELO|SRIACHUELO|SBRCHL|RJ|PRIMEIRO DN|34.0|1
"1347"|"733000"|COMANDO DO TREINAMENTO E DO DESENVOLVIMENTO DOUTRINÁRIO DO CFN|CTDDCFN|CTDCFN|RJ|PRIMEIRO DN|581.0|1
"1317"|"746005"|DIRETORIA DE OBRAS CIVIS DA MARINHA - ITAGUAÍ|DOCM-ITAGUAÍ|OBRCIV|RJ|PRIMEIRO DN|506.0|1
"1318"|"786004"|COMANDO DO 6º DISTRITO NAVAL EM CAMPO GRANDE-MS|COM6DN-CG|SXTDIS|MS|SEXTO DN|630.0|1
"1322"|"720400"|INSTITUTO NAVAL DE PÓS-GRADUAÇÃO|INPG|INAVPG|RJ|PRIMEIRO DN||1
"1326"|"720321"|CENTRO DE PROJETOS E SISTEMAS NAVAIS - SÃO PAULO|CPSN-SP|CPSNAV|SP|OITAVO DN|1168.0|1
"1328"|"718000"|SECRETARIA NAVAL DE SEGURANÇA NUCLEAR E QUALIDADE|SECNSNQ|SEGNUC|RJ|PRIMEIRO DN|298.0|1
"1331"|"710202"|EMPRESA GERENCIAL DE PROJETOS NAVAIS - ARACRUZ|EMGEPRON-ARACRUZ|EGPRON|RJ|PRIMEIRO DN|299.0|1
"1335"|"720314"|DIRETORIA-GERAL DE DESENVOLVIMENTO NUCLEAR E TECNOLÓGICO DA MARINHA|DGDNTM|DRGNUC|SP|OITAVO DN|298.0|1
"1319"|"764000"|DIRETORIA DO PESSOAL DA MARINHA|DPM|PESMAR|RJ|PRIMEIRO DN|532.0|1
"1324"|"789015"|NAVIO-PATRULHA MARACANÃ|NPAMARACANÃ|NPAMRC|RJ|OITAVO DN|1210.0|1
"1325"|"720320"|CENTRO DE PROJETOS DE SISTEMAS NAVAIS|CPSN|CPSNAV|RJ|PRIMEIRO DN|1168.0|1
"1333"|"771200"|CENTRO DE OPERAÇÕES DO ABASTECIMENTO|COPAB|COPEAB|RJ|PRIMEIRO DN|4.0|1
"1337"|"778005"|CAIXA DE CONTRUÇÕES DE CASAS PARA O PESSOAL DA MARINHA - BRASÍLIA|CCCPMM-BSB|CCCPMM|DF|SÉTIMO DN|837.0|1
"1350"|"710310"|AMAZÔNIA AZUL TECNOLOGIAS DE DEFESA S.A. NO RIO DE JANEIRO|AMAZUL-RIO|AMAZUL|RJ|PRIMEIRO DN||1
"1349"|"740034"|NÚCLEO DE IMPLANTAÇÃO DO ESTALEIRO DE MANUTENÇÃO DA ILHA DA MADEIRA|NI-EMIM|NIEMIM|RJ|PRIMEIRO DN||1
"1311"|"786323"|AGÊNCIA FLUVIAL DE SINOP|AGSINOP|AGFSIN|MT|SEXTO DN|1283.0|1
"1327"|"780030"|CENTRO DE DESENVOLVIMENTO DOUTRINÁRIO DE GUERRA NAVAL|CDDGN|CDDNAV|RJ|PRIMEIRO DN|630.0|1
"1329"|"718010"|SECRETARIA NAVAL DE SEGURANÇA NUCLEAR E QUALIDADE - ITAGUAÍ|SECNSNQ-ITAGUAÍ|SEGNUC|RJ|PRIMEIRO DN|298.0|1
"1340"|"791536"|SUBMARINO HUMAITÁ|SHUMAITA|SBRHMT|RJ|PRIMEIRO DN|34.0|1
"1342"|"787010"|CENTRO DE INTENDÊNCIA DA MARINHA EM BRASÍLIA|CEIMBRA|CITBRA|DF|SÉTIMO DN|830.0|1
"1355"|"795300"| COMANDO DA DIVISÃO LITORÂNEA|COMDIVLIT|DIVLIT|RJ|PRIMEIRO DN|606.0|1
